<?xml version="1.0" encoding="UTF-8"?>
<office:document-meta xmlns:office="urn:oasis:names:tc:opendocument:xmlns:office:1.0" xmlns:xlink="http://www.w3.org/1999/xlink" xmlns:dc="http://purl.org/dc/elements/1.1/" xmlns:meta="urn:oasis:names:tc:opendocument:xmlns:meta:1.0" xmlns:presentation="urn:oasis:names:tc:opendocument:xmlns:presentation:1.0" xmlns:ooo="http://openoffice.org/2004/office" xmlns:smil="urn:oasis:names:tc:opendocument:xmlns:smil-compatible:1.0" xmlns:anim="urn:oasis:names:tc:opendocument:xmlns:animation:1.0" xmlns:grddl="http://www.w3.org/2003/g/data-view#" xmlns:officeooo="http://openoffice.org/2009/office" office:version="1.2" grddl:transformation="http://docs.oasis-open.org/office/1.2/xslt/odf2rdf.xsl"><office:meta><dc:title>Slide 1</dc:title><meta:creation-date>1901-01-01T00:00:00</meta:creation-date><dc:date>2006-06-27T11:47:12</dc:date><meta:editing-cycles>1</meta:editing-cycles><meta:editing-duration>PT00H00M01S</meta:editing-duration><meta:document-statistic meta:object-count="513"/><meta:generator>OpenOffice.org/3.2$Linux OpenOffice.org_project/320m19$Build-9505</meta:generator></office:meta></office:document-meta>