<?xml version="1.0" encoding="UTF-8"?>

<manifest xmlns="http://www.imsproject.org/xsd/imscp_rootv1p1p2" xmlns:imsmd="http://www.imsglobal.org/xsd/imsmd_rootv1p2p1" xmlns:xsi="http://www.w3.org/2001/XMLSchema-instance" xmlns:adlcp="http://www.adlnet.org/xsd/adlcp_rootv1p2" xsi:schemaLocation="http://www.imsproject.org/xsd/imscp_rootv1p1p2 imscp_rootv1p1p2.xsd http://www.imsglobal.org/xsd/imsmd_rootv1p2p1 imsmd_rootv1p2p1.xsd http://www.adlnet.org/xsd/adlcp_rootv1p2 adlcp_rootv1p2.xsd" identifier="MANIFEST_CC994F92D59C68251BA99AFB7B1C33C4">  
  <organizations default="ORG_375B52CC0EAA5E9732B5673D2B8A295C"> 
    <organization structure="hierarchical" identifier="ORG_375B52CC0EAA5E9732B5673D2B8A295C"> 
      <title></title>  
      <item isvisible="true" identifier="ITEM_11C7AEA95A4403D951C451E4454973BD" identifierref="resource_1"> 
        <title></title> 
      </item>
      <item isvisible="true" identifier="ITEM_66A32A4A3CB643BCF77F79327D372E17" identifierref="resource_2"> 
        <title>1. Principle 7: Security Knowledge in Practice (SKiP) Provides a Structured Approach</title> 
      </item>
      <item isvisible="true" identifier="ITEM_41C3A7BDBD1D65643B2235E34CF55D12" identifierref="resource_3"> 
        <title>2. Reading Assignments</title> 
      </item>
      <item isvisible="true" identifier="ITEM_761E4BEE99265B9672BBD56E6E76C394" identifierref="resource_4"> 
        <title>3. Security Knowledge in Practice (SKiP) Provides a Structured Approach</title> 
      </item>
      <item isvisible="true" identifier="ITEM_67DC5CAE1386D51EC75E9EA65BECE819" identifierref="resource_5"> 
        <title>4. Learning Outcomes</title> 
      </item>
      <item isvisible="true" identifier="ITEM_7414F5E2D886F16AE26963DC5697A768" identifierref="resource_6"> 
        <title>5. Topics</title> 
      </item>
      <item isvisible="true" identifier="ITEM_3535DF2A6D771B2AFF1556BBA1C3718B" identifierref="resource_7"> 
        <title>6. Topics</title> 
      </item>
      <item isvisible="true" identifier="ITEM_463214E297119AE841AF726A86F13461" identifierref="resource_8"> 
        <title>7. Best Practice vs. Best Practical</title> 
      </item>
      <item isvisible="true" identifier="ITEM_1C92765AD18B914B40B277C14101BEED" identifierref="resource_9"> 
        <title>8. Topics</title> 
      </item>
      <item isvisible="true" identifier="ITEM_54EE1EEE7F3DE42934BDB5BDB3FDA3B1" identifierref="resource_10"> 
        <title>9. Vendor Provides</title> 
      </item>
      <item isvisible="true" identifier="ITEM_4CAFAF4DBA1865321DDBB79DBEE00A71" identifierref="resource_11"> 
        <title>10. Installing Vendor Patches</title> 
      </item>
      <item isvisible="true" identifier="ITEM_37E324745A1DA2EB34239E4A48367D28" identifierref="resource_12"> 
        <title>11. Air-Gapped Test Environment</title> 
      </item>
      <item isvisible="true" identifier="ITEM_B3DB24AA8E38635D8894192D4A9ADED9" identifierref="resource_13"> 
        <title>12. Installing the System</title> 
      </item>
      <item isvisible="true" identifier="ITEM_D5C824A95916F68D8C407A725B43B195" identifierref="resource_14"> 
        <title>13. Topics</title> 
      </item>
      <item isvisible="true" identifier="ITEM_5062A0E2F4AA24028F6E0342FB4362B2" identifierref="resource_15"> 
        <title>14. Harding/Security/</title> 
      </item>
      <item isvisible="true" identifier="ITEM_5F43ADEAB65E23DD683EAF91C112DAEE" identifierref="resource_16"> 
        <title>15. Configuration Management</title> 
      </item>
      <item isvisible="true" identifier="ITEM_AB686467E74DD657E974BF5D71B45542" identifierref="resource_17"> 
        <title>16. Topics</title> 
      </item>
      <item isvisible="true" identifier="ITEM_99323A87088DA465CBD2C9F942881302" identifierref="resource_18"> 
        <title>17. Prepare</title> 
      </item>
      <item isvisible="true" identifier="ITEM_68DBDA347A5EB15A7428A5AC491BEBBD" identifierref="resource_19"> 
        <title>18. Topics</title> 
      </item>
      <item isvisible="true" identifier="ITEM_4BA7F0101BD27C72A3BF51CD0D2CC8AC" identifierref="resource_20"> 
        <title>19. Detect</title> 
      </item>
      <item isvisible="true" identifier="ITEM_ECABBB573D60A7F0CAAC2B26B538DEB2" identifierref="resource_21"> 
        <title>20. Topics</title> 
      </item>
      <item isvisible="true" identifier="ITEM_1DB7F50FF424D2B6D170D3526134721E" identifierref="resource_22"> 
        <title>21. Respond</title> 
      </item>
      <item isvisible="true" identifier="ITEM_A3B93483D49C6D4B7DA5EC75D944A440" identifierref="resource_23"> 
        <title>22. Topics</title> 
      </item>
      <item isvisible="true" identifier="ITEM_A1F733493EFF5916354823D65BCDB31D" identifierref="resource_24"> 
        <title>23. Improve</title> 
      </item>
      <item isvisible="true" identifier="ITEM_1DE1A8B99531B113118F7A26BB146DCB" identifierref="resource_25"> 
        <title>24. Topics</title> 
      </item>
      <item isvisible="true" identifier="ITEM_C10261B89C8105919F671BC1C0D26E2D" identifierref="resource_26"> 
        <title>25. Repeat</title> 
      </item>
      <item isvisible="true" identifier="ITEM_7F2926A5D64726524532C7963B11B4D5" identifierref="resource_27"> 
        <title>26. Summary</title> 
      </item>
      <item isvisible="true" identifier="ITEM_FADE609461CE52AEC6D1BA8CBC2A6181" identifierref="resource_28"> 
        <title>27. Exam</title> 
      </item>
    </organization> 
  </organizations>  
  <resources> 
    <resource identifier="resource_1" type="webcontent" adlcp:scormtype="asset" href="resources/index.html">
      <file href="resources/index.html"/>
    </resource>
    <resource identifier="resource_2" type="webcontent" adlcp:scormtype="asset" href="resources/se1.html">
      <file href="resources/se1.html"/>
    </resource>
    <resource identifier="resource_3" type="webcontent" adlcp:scormtype="asset" href="resources/se2.html">
      <file href="resources/se2.html"/>
    </resource>
    <resource identifier="resource_4" type="webcontent" adlcp:scormtype="asset" href="resources/se3.html">
      <file href="resources/se3.html"/>
    </resource>
    <resource identifier="resource_5" type="webcontent" adlcp:scormtype="asset" href="resources/se4.html">
      <file href="resources/se4.html"/>
    </resource>
    <resource identifier="resource_6" type="webcontent" adlcp:scormtype="asset" href="resources/se5.html">
      <file href="resources/se5.html"/>
    </resource>
    <resource identifier="resource_7" type="webcontent" adlcp:scormtype="asset" href="resources/se6.html">
      <file href="resources/se6.html"/>
    </resource>
    <resource identifier="resource_8" type="webcontent" adlcp:scormtype="asset" href="resources/se7.html">
      <file href="resources/se7.html"/>
    </resource>
    <resource identifier="resource_9" type="webcontent" adlcp:scormtype="asset" href="resources/se8.html">
      <file href="resources/se8.html"/>
    </resource>
    <resource identifier="resource_10" type="webcontent" adlcp:scormtype="asset" href="resources/se9.html">
      <file href="resources/se9.html"/>
    </resource>
    <resource identifier="resource_11" type="webcontent" adlcp:scormtype="asset" href="resources/se10.html">
      <file href="resources/se10.html"/>
    </resource>
    <resource identifier="resource_12" type="webcontent" adlcp:scormtype="asset" href="resources/se11.html">
      <file href="resources/se11.html"/>
    </resource>
    <resource identifier="resource_13" type="webcontent" adlcp:scormtype="asset" href="resources/se12.html">
      <file href="resources/se12.html"/>
    </resource>
    <resource identifier="resource_14" type="webcontent" adlcp:scormtype="asset" href="resources/se13.html">
      <file href="resources/se13.html"/>
    </resource>
    <resource identifier="resource_15" type="webcontent" adlcp:scormtype="asset" href="resources/se14.html">
      <file href="resources/se14.html"/>
    </resource>
    <resource identifier="resource_16" type="webcontent" adlcp:scormtype="asset" href="resources/se15.html">
      <file href="resources/se15.html"/>
    </resource>
    <resource identifier="resource_17" type="webcontent" adlcp:scormtype="asset" href="resources/se16.html">
      <file href="resources/se16.html"/>
    </resource>
    <resource identifier="resource_18" type="webcontent" adlcp:scormtype="asset" href="resources/se17.html">
      <file href="resources/se17.html"/>
    </resource>
    <resource identifier="resource_19" type="webcontent" adlcp:scormtype="asset" href="resources/se18.html">
      <file href="resources/se18.html"/>
    </resource>
    <resource identifier="resource_20" type="webcontent" adlcp:scormtype="asset" href="resources/se19.html">
      <file href="resources/se19.html"/>
    </resource>
    <resource identifier="resource_21" type="webcontent" adlcp:scormtype="asset" href="resources/se20.html">
      <file href="resources/se20.html"/>
    </resource>
    <resource identifier="resource_22" type="webcontent" adlcp:scormtype="asset" href="resources/se21.html">
      <file href="resources/se21.html"/>
    </resource>
    <resource identifier="resource_23" type="webcontent" adlcp:scormtype="asset" href="resources/se22.html">
      <file href="resources/se22.html"/>
    </resource>
    <resource identifier="resource_24" type="webcontent" adlcp:scormtype="asset" href="resources/se23.html">
      <file href="resources/se23.html"/>
    </resource>
    <resource identifier="resource_25" type="webcontent" adlcp:scormtype="asset" href="resources/se24.html">
      <file href="resources/se24.html"/>
    </resource>
    <resource identifier="resource_26" type="webcontent" adlcp:scormtype="asset" href="resources/se25.html">
      <file href="resources/se25.html"/>
    </resource>
    <resource identifier="resource_27" type="webcontent" adlcp:scormtype="asset" href="resources/se26.html">
      <file href="resources/se26.html"/>
    </resource>
    <resource identifier="resource_28" type="webcontent" adlcp:scormtype="asset" href="resources/se27.html">
      <file href="resources/se27.html"/>
    </resource>
    <resource identifier="resource_29" type="webcontent" adlcp:scormtype="asset" href="resources/style/style.css">
      <file href="resources/style/style.css"/>
    </resource>
    <resource identifier="resource_30" type="webcontent" adlcp:scormtype="asset" href="resources/images/1000000000000394000001966E662386.png">
      <file href="resources/images/1000000000000394000001966E662386.png"/>
    </resource>
    <resource identifier="resource_31" type="webcontent" adlcp:scormtype="asset" href="resources/images/1000000000000553000002B0A59BA5F9.png">
      <file href="resources/images/1000000000000553000002B0A59BA5F9.png"/>
    </resource>
    <resource identifier="resource_32" type="webcontent" adlcp:scormtype="asset" href="resources/images/100000000000044A0000026FD267DE69.jpg">
      <file href="resources/images/100000000000044A0000026FD267DE69.jpg"/>
    </resource>
    <resource identifier="resource_33" type="webcontent" adlcp:scormtype="asset" href="resources/images/1000000000000289000000E6493B15A2.png">
      <file href="resources/images/1000000000000289000000E6493B15A2.png"/>
    </resource>
    <resource identifier="resource_34" type="webcontent" adlcp:scormtype="asset" href="resources/images/1000000000000135000001706D677320.png">
      <file href="resources/images/1000000000000135000001706D677320.png"/>
    </resource>
    <resource identifier="resource_35" type="webcontent" adlcp:scormtype="asset" href="resources/images/1000000000000089000000A7F3FA40C6.png">
      <file href="resources/images/1000000000000089000000A7F3FA40C6.png"/>
    </resource>
    <resource identifier="resource_36" type="webcontent" adlcp:scormtype="asset" href="resources/images/10000000000001BF000001493F71C740.png">
      <file href="resources/images/10000000000001BF000001493F71C740.png"/>
    </resource>
    <resource identifier="resource_37" type="webcontent" adlcp:scormtype="asset" href="resources/images/10000000000003630000034C7E62EFB6.png">
      <file href="resources/images/10000000000003630000034C7E62EFB6.png"/>
    </resource>
    <resource identifier="resource_38" type="webcontent" adlcp:scormtype="asset" href="resources/images/10000000000001A70000016A77351B60.png">
      <file href="resources/images/10000000000001A70000016A77351B60.png"/>
    </resource>
    <resource identifier="resource_39" type="webcontent" adlcp:scormtype="asset" href="resources/images/100000000000030D0000020A7F9112B5.png">
      <file href="resources/images/100000000000030D0000020A7F9112B5.png"/>
    </resource>
    <resource identifier="resource_40" type="webcontent" adlcp:scormtype="asset" href="resources/images/100000000000027D000000F18C9F349D.png">
      <file href="resources/images/100000000000027D000000F18C9F349D.png"/>
    </resource>
    <resource identifier="resource_41" type="webcontent" adlcp:scormtype="asset" href="resources/images/1000000000000216000001949EF333AA.png">
      <file href="resources/images/1000000000000216000001949EF333AA.png"/>
    </resource>
    <resource identifier="resource_42" type="webcontent" adlcp:scormtype="asset" href="resources/images/1000000000000331000002A060EC6A1C.png">
      <file href="resources/images/1000000000000331000002A060EC6A1C.png"/>
    </resource>
    <resource identifier="resource_43" type="webcontent" adlcp:scormtype="asset" href="resources/images/1000000000000285000000F15DDB99EA.png">
      <file href="resources/images/1000000000000285000000F15DDB99EA.png"/>
    </resource>
    <resource identifier="resource_44" type="webcontent" adlcp:scormtype="asset" href="resources/images/10000000000001DA0000013B81A4103F.png">
      <file href="resources/images/10000000000001DA0000013B81A4103F.png"/>
    </resource>
    <resource identifier="resource_45" type="webcontent" adlcp:scormtype="asset" href="resources/images/100000000000025E0000023EB9A1CCD4.png">
      <file href="resources/images/100000000000025E0000023EB9A1CCD4.png"/>
    </resource>
    <resource identifier="resource_46" type="webcontent" adlcp:scormtype="asset" href="resources/images/10000000000003B400000280BB99FF2B.png">
      <file href="resources/images/10000000000003B400000280BB99FF2B.png"/>
    </resource>
    <resource identifier="resource_47" type="webcontent" adlcp:scormtype="asset" href="resources/images/1000000000000401000003CFD26C9ED7.png">
      <file href="resources/images/1000000000000401000003CFD26C9ED7.png"/>
    </resource>
    <resource identifier="resource_48" type="webcontent" adlcp:scormtype="asset" href="resources/images/100000000000032B00000330C4E5DF72.png">
      <file href="resources/images/100000000000032B00000330C4E5DF72.png"/>
    </resource>
    <resource identifier="resource_49" type="webcontent" adlcp:scormtype="asset" href="resources/images/10000000000001F60000017C37379EBB.png">
      <file href="resources/images/10000000000001F60000017C37379EBB.png"/>
    </resource>
    <resource identifier="resource_50" type="webcontent" adlcp:scormtype="asset" href="resources/images/1000000000000140000000F4EAAC9A54.png">
      <file href="resources/images/1000000000000140000000F4EAAC9A54.png"/>
    </resource>
    <resource identifier="resource_51" type="webcontent" adlcp:scormtype="asset" href="resources/images/10000000000001FB00000161FF03A8E5.png">
      <file href="resources/images/10000000000001FB00000161FF03A8E5.png"/>
    </resource>
    <resource identifier="resource_52" type="webcontent" adlcp:scormtype="asset" href="resources/images/10000000000002030000015E4C9FE6E2.png">
      <file href="resources/images/10000000000002030000015E4C9FE6E2.png"/>
    </resource>
    <resource identifier="resource_53" type="webcontent" adlcp:scormtype="asset" href="resources/images/10000000000003E30000029E764DC650.png">
      <file href="resources/images/10000000000003E30000029E764DC650.png"/>
    </resource>
    <resource identifier="resource_54" type="webcontent" adlcp:scormtype="asset" href="resources/images/1000000000000313000002D2B898AAF2.png">
      <file href="resources/images/1000000000000313000002D2B898AAF2.png"/>
    </resource>
    <resource identifier="resource_55" type="webcontent" adlcp:scormtype="asset" href="resources/images/100000000000030C000002C36C2984D8.png">
      <file href="resources/images/100000000000030C000002C36C2984D8.png"/>
    </resource>
    <resource identifier="resource_56" type="webcontent" adlcp:scormtype="asset" href="resources/images/1000000000000091000000AC99340EC6.png">
      <file href="resources/images/1000000000000091000000AC99340EC6.png"/>
    </resource>
    <resource identifier="resource_57" type="webcontent" adlcp:scormtype="asset" href="resources/images/1000000000000294000002A6CE911B33.png">
      <file href="resources/images/1000000000000294000002A6CE911B33.png"/>
    </resource>
    <resource identifier="resource_58" type="webcontent" adlcp:scormtype="asset" href="resources/images/10000000000001890000018A378F4269.png">
      <file href="resources/images/10000000000001890000018A378F4269.png"/>
    </resource>
    <resource identifier="resource_59" type="webcontent" adlcp:scormtype="asset" href="resources/images/1000000000000325000002E5E0B6A6D7.png">
      <file href="resources/images/1000000000000325000002E5E0B6A6D7.png"/>
    </resource>
    <resource identifier="resource_60" type="webcontent" adlcp:scormtype="asset" href="resources/images/100000000000028000000295194E8224.png">
      <file href="resources/images/100000000000028000000295194E8224.png"/>
    </resource>
    <resource identifier="resource_61" type="webcontent" adlcp:scormtype="asset" href="resources/images/20000009000065FC000006282090C31C.wmf">
      <file href="resources/images/20000009000065FC000006282090C31C.wmf"/>
    </resource>
    <resource identifier="resource_62" type="webcontent" adlcp:scormtype="asset" href="resources/images/1000000000000285000000F179E18188.png">
      <file href="resources/images/1000000000000285000000F179E18188.png"/>
    </resource>
    <resource identifier="resource_63" type="webcontent" adlcp:scormtype="asset" href="resources/images/10000000000002040000012E2881DD3E.png">
      <file href="resources/images/10000000000002040000012E2881DD3E.png"/>
    </resource>
    <resource identifier="resource_64" type="webcontent" adlcp:scormtype="asset" href="resources/images/10000000000003660000013BC26D3AF6.png">
      <file href="resources/images/10000000000003660000013BC26D3AF6.png"/>
    </resource>
    <resource identifier="resource_65" type="webcontent" adlcp:scormtype="asset" href="resources/images/10000000000005290000017E92BB4079.png">
      <file href="resources/images/10000000000005290000017E92BB4079.png"/>
    </resource>
    <resource identifier="resource_66" type="webcontent" adlcp:scormtype="asset" href="resources/images/1000000000000285000000F14556BF74.png">
      <file href="resources/images/1000000000000285000000F14556BF74.png"/>
    </resource>
    <resource identifier="resource_67" type="webcontent" adlcp:scormtype="asset" href="resources/images/100000000000023D000001C72172CA56.png">
      <file href="resources/images/100000000000023D000001C72172CA56.png"/>
    </resource>
    <resource identifier="resource_68" type="webcontent" adlcp:scormtype="asset" href="resources/images/1000000000000285000000F1851F1086.png">
      <file href="resources/images/1000000000000285000000F1851F1086.png"/>
    </resource>
    <resource identifier="resource_69" type="webcontent" adlcp:scormtype="asset" href="resources/images/100000000000036A0000019B0EB2EB9C.png">
      <file href="resources/images/100000000000036A0000019B0EB2EB9C.png"/>
    </resource>
    <resource identifier="resource_70" type="webcontent" adlcp:scormtype="asset" href="resources/images/10000000000003250000023802539CC7.jpg">
      <file href="resources/images/10000000000003250000023802539CC7.jpg"/>
    </resource>
    <resource identifier="resource_71" type="webcontent" adlcp:scormtype="asset" href="resources/images/10000000000002A9000001F7451B400D.png">
      <file href="resources/images/10000000000002A9000001F7451B400D.png"/>
    </resource>
    <resource identifier="resource_72" type="webcontent" adlcp:scormtype="asset" href="resources/images/100000000000017400000148D1885738.png">
      <file href="resources/images/100000000000017400000148D1885738.png"/>
    </resource>
    <resource identifier="resource_73" type="webcontent" adlcp:scormtype="asset" href="resources/images/skip-flow.png">
      <file href="resources/images/skip-flow.png"/>
    </resource>
    <resource identifier="resource_74" type="webcontent" adlcp:scormtype="asset" href="resources/images/10000000000002080000014EF113007D.png">
      <file href="resources/images/10000000000002080000014EF113007D.png"/>
    </resource>
    <resource identifier="resource_75" type="webcontent" adlcp:scormtype="asset" href="resources/images/10000000000002D50000018D2DF48469.png">
      <file href="resources/images/10000000000002D50000018D2DF48469.png"/>
    </resource>
    <resource identifier="resource_76" type="webcontent" adlcp:scormtype="asset" href="resources/images/100000000000033F000001184A49C942.png">
      <file href="resources/images/100000000000033F000001184A49C942.png"/>
    </resource>
    <resource identifier="resource_77" type="webcontent" adlcp:scormtype="asset" href="resources/images/100000000000025200000261F8D954BD.png">
      <file href="resources/images/100000000000025200000261F8D954BD.png"/>
    </resource>
  </resources> 
</manifest>
