<?xml version="1.0" encoding="UTF-8"?>

<manifest xmlns="http://www.imsproject.org/xsd/imscp_rootv1p1p2" xmlns:imsmd="http://www.imsglobal.org/xsd/imsmd_rootv1p2p1" xmlns:xsi="http://www.w3.org/2001/XMLSchema-instance" xmlns:adlcp="http://www.adlnet.org/xsd/adlcp_rootv1p2" xsi:schemaLocation="http://www.imsproject.org/xsd/imscp_rootv1p1p2 imscp_rootv1p1p2.xsd http://www.imsglobal.org/xsd/imsmd_rootv1p2p1 imsmd_rootv1p2p1.xsd http://www.adlnet.org/xsd/adlcp_rootv1p2 adlcp_rootv1p2.xsd" identifier="MANIFEST_07586CDA2D3CE8CC11176453A61E2BBA">  
  <organizations default="ORG_D2A0902B69DB69C2B3BABBB49BE2BD13"> 
    <organization structure="hierarchical" identifier="ORG_D2A0902B69DB69C2B3BABBB49BE2BD13"> 
      <title></title>  
      <item isvisible="true" identifier="ITEM_9B6DA25EE853B619FE925D905DFE4172" identifierref="resource_1"> 
        <title></title> 
      </item>
      <item isvisible="true" identifier="ITEM_58B3504ECC5852A7101A3945EDD5DD93" identifierref="resource_2"> 
        <title>1. Principle 3: Not All Data Is of Equal Value to the Enterprise-Risk Must Be Managed</title> 
      </item>
      <item isvisible="true" identifier="ITEM_F6F3D9DE80056E46BC16CDEFA40E1E44" identifierref="resource_3"> 
        <title>2. Reading Assignments</title> 
      </item>
      <item isvisible="true" identifier="ITEM_776126914917B1D226284F2C3857E62B" identifierref="resource_4"> 
        <title>3. Principle 3: Not all data is of equal value to the enterprise - risk must be managed.</title> 
      </item>
      <item isvisible="true" identifier="ITEM_5EDA622816C5879E030C9CC2EB1FEBA6" identifierref="resource_5"> 
        <title>4. Learning Outcomes</title> 
      </item>
      <item isvisible="true" identifier="ITEM_848C5D1278C4BD26099E68C691E746D6" identifierref="resource_6"> 
        <title>5. Topics</title> 
      </item>
      <item isvisible="true" identifier="ITEM_26CAE3335CE5A3ED7AD264A3B49B9628" identifierref="resource_7"> 
        <title>6. Topics</title> 
      </item>
      <item isvisible="true" identifier="ITEM_367528BBCAC45828EE9FD9981145E4C9" identifierref="resource_8"> 
        <title>7. The need for information security and management risk</title> 
      </item>
      <item isvisible="true" identifier="ITEM_856D9627C39AD325D35576A1B4A291A7" identifierref="resource_9"> 
        <title>8. Anticipate Failures and Intrusions</title> 
      </item>
      <item isvisible="true" identifier="ITEM_22D729BA906951388BEB305D810DA4B9" identifierref="resource_10"> 
        <title>9. Risk</title> 
      </item>
      <item isvisible="true" identifier="ITEM_A4EB953B72D0CDAEDE0BC95713BC9B4F" identifierref="resource_11"> 
        <title>10. Information Security Risk</title> 
      </item>
      <item isvisible="true" identifier="ITEM_4E669C7ACA5455784BC05A60ACB3E61C" identifierref="resource_12"> 
        <title>11. Risk Impact</title> 
      </item>
      <item isvisible="true" identifier="ITEM_5574ADACA2399E8C0E62C3C958B4BB31" identifierref="resource_13"> 
        <title>12. Risk Management</title> 
      </item>
      <item isvisible="true" identifier="ITEM_2527C3FD1D56A79B1DBE5491E5EE9EBB" identifierref="resource_14"> 
        <title>13. Risk Management Options</title> 
      </item>
      <item isvisible="true" identifier="ITEM_018823A9FAC3E68D79B1608D90CC5C8E" identifierref="resource_15"> 
        <title>14. Risk Mitigation by Transfer</title> 
      </item>
      <item isvisible="true" identifier="ITEM_67D7BE7E65252C8C6E7B8C1666A00416" identifierref="resource_16"> 
        <title>15. Organizational Gap</title> 
      </item>
      <item isvisible="true" identifier="ITEM_AE38C53D8648549D3B1CC365595DE384" identifierref="resource_17"> 
        <title>16. Identifying and Managing Risk</title> 
      </item>
      <item isvisible="true" identifier="ITEM_5C912BBD736E34DAE1022445A5B3D4D4" identifierref="resource_18"> 
        <title>17. Topics</title> 
      </item>
      <item isvisible="true" identifier="ITEM_C3D6DAED16831D2B9BEC7B5D2ED5DDC7" identifierref="resource_19"> 
        <title>18. Assets</title> 
      </item>
      <item isvisible="true" identifier="ITEM_FDF5494BF3A55456BA55689BA4911127" identifierref="resource_20"> 
        <title>19. IA Regulations and Standards</title> 
      </item>
      <item isvisible="true" identifier="ITEM_324DC939E5DFEEBAA887E161B1A3BC39" identifierref="resource_21"> 
        <title>20. Threats, Vulnerabilities, and Controls</title> 
      </item>
      <item isvisible="true" identifier="ITEM_BA78E835432AD2D2CE566CC7E5D2AEE2" identifierref="resource_22"> 
        <title>21. Process of Risk Management</title> 
      </item>
      <item isvisible="true" identifier="ITEM_135E69C4D2BD40318258EE99D345BAB9" identifierref="resource_23"> 
        <title>22. Summary</title> 
      </item>
      <item isvisible="true" identifier="ITEM_BA205F085AABCE8CA7E2E159DEE1D9A4" identifierref="resource_24"> 
        <title>23. Exam</title> 
      </item>
    </organization> 
  </organizations>  
  <resources> 
    <resource identifier="resource_1" type="webcontent" adlcp:scormtype="asset" href="resources/index.html">
      <file href="resources/index.html"/>
    </resource>
    <resource identifier="resource_2" type="webcontent" adlcp:scormtype="asset" href="resources/se1.html">
      <file href="resources/se1.html"/>
    </resource>
    <resource identifier="resource_3" type="webcontent" adlcp:scormtype="asset" href="resources/se2.html">
      <file href="resources/se2.html"/>
    </resource>
    <resource identifier="resource_4" type="webcontent" adlcp:scormtype="asset" href="resources/se3.html">
      <file href="resources/se3.html"/>
    </resource>
    <resource identifier="resource_5" type="webcontent" adlcp:scormtype="asset" href="resources/se4.html">
      <file href="resources/se4.html"/>
    </resource>
    <resource identifier="resource_6" type="webcontent" adlcp:scormtype="asset" href="resources/se5.html">
      <file href="resources/se5.html"/>
    </resource>
    <resource identifier="resource_7" type="webcontent" adlcp:scormtype="asset" href="resources/se6.html">
      <file href="resources/se6.html"/>
    </resource>
    <resource identifier="resource_8" type="webcontent" adlcp:scormtype="asset" href="resources/se7.html">
      <file href="resources/se7.html"/>
    </resource>
    <resource identifier="resource_9" type="webcontent" adlcp:scormtype="asset" href="resources/se8.html">
      <file href="resources/se8.html"/>
    </resource>
    <resource identifier="resource_10" type="webcontent" adlcp:scormtype="asset" href="resources/se9.html">
      <file href="resources/se9.html"/>
    </resource>
    <resource identifier="resource_11" type="webcontent" adlcp:scormtype="asset" href="resources/se10.html">
      <file href="resources/se10.html"/>
    </resource>
    <resource identifier="resource_12" type="webcontent" adlcp:scormtype="asset" href="resources/se11.html">
      <file href="resources/se11.html"/>
    </resource>
    <resource identifier="resource_13" type="webcontent" adlcp:scormtype="asset" href="resources/se12.html">
      <file href="resources/se12.html"/>
    </resource>
    <resource identifier="resource_14" type="webcontent" adlcp:scormtype="asset" href="resources/se13.html">
      <file href="resources/se13.html"/>
    </resource>
    <resource identifier="resource_15" type="webcontent" adlcp:scormtype="asset" href="resources/se14.html">
      <file href="resources/se14.html"/>
    </resource>
    <resource identifier="resource_16" type="webcontent" adlcp:scormtype="asset" href="resources/se15.html">
      <file href="resources/se15.html"/>
    </resource>
    <resource identifier="resource_17" type="webcontent" adlcp:scormtype="asset" href="resources/se16.html">
      <file href="resources/se16.html"/>
    </resource>
    <resource identifier="resource_18" type="webcontent" adlcp:scormtype="asset" href="resources/se17.html">
      <file href="resources/se17.html"/>
    </resource>
    <resource identifier="resource_19" type="webcontent" adlcp:scormtype="asset" href="resources/se18.html">
      <file href="resources/se18.html"/>
    </resource>
    <resource identifier="resource_20" type="webcontent" adlcp:scormtype="asset" href="resources/se19.html">
      <file href="resources/se19.html"/>
    </resource>
    <resource identifier="resource_21" type="webcontent" adlcp:scormtype="asset" href="resources/se20.html">
      <file href="resources/se20.html"/>
    </resource>
    <resource identifier="resource_22" type="webcontent" adlcp:scormtype="asset" href="resources/se21.html">
      <file href="resources/se21.html"/>
    </resource>
    <resource identifier="resource_23" type="webcontent" adlcp:scormtype="asset" href="resources/se22.html">
      <file href="resources/se22.html"/>
    </resource>
    <resource identifier="resource_24" type="webcontent" adlcp:scormtype="asset" href="resources/se23.html">
      <file href="resources/se23.html"/>
    </resource>
    <resource identifier="resource_25" type="webcontent" adlcp:scormtype="asset" href="resources/style/style.css">
      <file href="resources/style/style.css"/>
    </resource>
    <resource identifier="resource_26" type="webcontent" adlcp:scormtype="asset" href="resources/images/100000000000039A00000189B84CDA83.png">
      <file href="resources/images/100000000000039A00000189B84CDA83.png"/>
    </resource>
    <resource identifier="resource_27" type="webcontent" adlcp:scormtype="asset" href="resources/images/100000000000023400000219499556FC.png">
      <file href="resources/images/100000000000023400000219499556FC.png"/>
    </resource>
    <resource identifier="resource_28" type="webcontent" adlcp:scormtype="asset" href="resources/images/100000000000026D000001EA69EFB2B5.png">
      <file href="resources/images/100000000000026D000001EA69EFB2B5.png"/>
    </resource>
    <resource identifier="resource_29" type="webcontent" adlcp:scormtype="asset" href="resources/images/10000000000001B300000129DA73FF30.png">
      <file href="resources/images/10000000000001B300000129DA73FF30.png"/>
    </resource>
    <resource identifier="resource_30" type="webcontent" adlcp:scormtype="asset" href="resources/images/1000000000000135000001706D677320.png">
      <file href="resources/images/1000000000000135000001706D677320.png"/>
    </resource>
    <resource identifier="resource_31" type="webcontent" adlcp:scormtype="asset" href="resources/images/1000000000000089000000A7F3FA40C6.png">
      <file href="resources/images/1000000000000089000000A7F3FA40C6.png"/>
    </resource>
    <resource identifier="resource_32" type="webcontent" adlcp:scormtype="asset" href="resources/images/100000000000023600000217B60BBE9E.png">
      <file href="resources/images/100000000000023600000217B60BBE9E.png"/>
    </resource>
    <resource identifier="resource_33" type="webcontent" adlcp:scormtype="asset" href="resources/images/1000000000000224000001BC5DEDF92D.png">
      <file href="resources/images/1000000000000224000001BC5DEDF92D.png"/>
    </resource>
    <resource identifier="resource_34" type="webcontent" adlcp:scormtype="asset" href="resources/images/10000000000002CD00000143E1F6A01F.png">
      <file href="resources/images/10000000000002CD00000143E1F6A01F.png"/>
    </resource>
    <resource identifier="resource_35" type="webcontent" adlcp:scormtype="asset" href="resources/images/instruct-begin.jpg">
      <file href="resources/images/instruct-begin.jpg"/>
    </resource>
    <resource identifier="resource_36" type="webcontent" adlcp:scormtype="asset" href="resources/images/symmetric.jpg">
      <file href="resources/images/symmetric.jpg"/>
    </resource>
    <resource identifier="resource_37" type="webcontent" adlcp:scormtype="asset" href="resources/images/10000000000000F1000000EF5FDB92C0.jpg">
      <file href="resources/images/10000000000000F1000000EF5FDB92C0.jpg"/>
    </resource>
    <resource identifier="resource_38" type="webcontent" adlcp:scormtype="asset" href="resources/images/100000000000016A00000152FB5C6D9C.jpg">
      <file href="resources/images/100000000000016A00000152FB5C6D9C.jpg"/>
    </resource>
    <resource identifier="resource_39" type="webcontent" adlcp:scormtype="asset" href="resources/images/10000000000001C9000001218F49202A.png">
      <file href="resources/images/10000000000001C9000001218F49202A.png"/>
    </resource>
    <resource identifier="resource_40" type="webcontent" adlcp:scormtype="asset" href="resources/images/10000000000003310000027316C6A85C.png">
      <file href="resources/images/10000000000003310000027316C6A85C.png"/>
    </resource>
    <resource identifier="resource_41" type="webcontent" adlcp:scormtype="asset" href="resources/images/10000000000000F0000000EE4F808C72.jpg">
      <file href="resources/images/10000000000000F0000000EE4F808C72.jpg"/>
    </resource>
    <resource identifier="resource_42" type="webcontent" adlcp:scormtype="asset" href="resources/images/10000000000001200000012626621E9D.png">
      <file href="resources/images/10000000000001200000012626621E9D.png"/>
    </resource>
    <resource identifier="resource_43" type="webcontent" adlcp:scormtype="asset" href="resources/images/10000000000004C1000002EFA60E8933.jpg">
      <file href="resources/images/10000000000004C1000002EFA60E8933.jpg"/>
    </resource>
    <resource identifier="resource_44" type="webcontent" adlcp:scormtype="asset" href="resources/images/100000000000038200000280B7A7641B.png">
      <file href="resources/images/100000000000038200000280B7A7641B.png"/>
    </resource>
    <resource identifier="resource_45" type="webcontent" adlcp:scormtype="asset" href="resources/images/10000000000002A2000001E346E6ED8C.png">
      <file href="resources/images/10000000000002A2000001E346E6ED8C.png"/>
    </resource>
    <resource identifier="resource_46" type="webcontent" adlcp:scormtype="asset" href="resources/images/1000000000000396000002D2E7FE650C.png">
      <file href="resources/images/1000000000000396000002D2E7FE650C.png"/>
    </resource>
    <resource identifier="resource_47" type="webcontent" adlcp:scormtype="asset" href="resources/images/10000000000001030000010543A79099.jpg">
      <file href="resources/images/10000000000001030000010543A79099.jpg"/>
    </resource>
    <resource identifier="resource_48" type="webcontent" adlcp:scormtype="asset" href="resources/images/10000000000002E100000248B705F82D.png">
      <file href="resources/images/10000000000002E100000248B705F82D.png"/>
    </resource>
    <resource identifier="resource_49" type="webcontent" adlcp:scormtype="asset" href="resources/images/10000000000002BC00000267C9FD301E.jpg">
      <file href="resources/images/10000000000002BC00000267C9FD301E.jpg"/>
    </resource>
    <resource identifier="resource_50" type="webcontent" adlcp:scormtype="asset" href="resources/images/10000000000002B7000000EA96723C3A.png">
      <file href="resources/images/10000000000002B7000000EA96723C3A.png"/>
    </resource>
    <resource identifier="resource_51" type="webcontent" adlcp:scormtype="asset" href="resources/images/100000000000010A0000019D4D3A9417.png">
      <file href="resources/images/100000000000010A0000019D4D3A9417.png"/>
    </resource>
    <resource identifier="resource_52" type="webcontent" adlcp:scormtype="asset" href="resources/images/20000007000065FC00000628A8E51CA3.wmf">
      <file href="resources/images/20000007000065FC00000628A8E51CA3.wmf"/>
    </resource>
    <resource identifier="resource_53" type="webcontent" adlcp:scormtype="asset" href="resources/images/risk-manage-options.jpg">
      <file href="resources/images/risk-manage-options.jpg"/>
    </resource>
    <resource identifier="resource_54" type="webcontent" adlcp:scormtype="asset" href="resources/images/assetrisk.jpg">
      <file href="resources/images/assetrisk.jpg"/>
    </resource>
    <resource identifier="resource_55" type="webcontent" adlcp:scormtype="asset" href="resources/images/10000000000002600000021D6CDFBC3D.png">
      <file href="resources/images/10000000000002600000021D6CDFBC3D.png"/>
    </resource>
    <resource identifier="resource_56" type="webcontent" adlcp:scormtype="asset" href="resources/images/1000000000000385000001FD89F49D42.png">
      <file href="resources/images/1000000000000385000001FD89F49D42.png"/>
    </resource>
    <resource identifier="resource_57" type="webcontent" adlcp:scormtype="asset" href="resources/images/1000000000000091000000AC99340EC6.png">
      <file href="resources/images/1000000000000091000000AC99340EC6.png"/>
    </resource>
    <resource identifier="resource_58" type="webcontent" adlcp:scormtype="asset" href="resources/images/10000000000003D3000001D7D3AC7951.png">
      <file href="resources/images/10000000000003D3000001D7D3AC7951.png"/>
    </resource>
    <resource identifier="resource_59" type="webcontent" adlcp:scormtype="asset" href="resources/images/100000000000027500000094027C58D0.png">
      <file href="resources/images/100000000000027500000094027C58D0.png"/>
    </resource>
    <resource identifier="resource_60" type="webcontent" adlcp:scormtype="asset" href="resources/images/10000000000002A2000002301C3BCF27.png">
      <file href="resources/images/10000000000002A2000002301C3BCF27.png"/>
    </resource>
    <resource identifier="resource_61" type="webcontent" adlcp:scormtype="asset" href="resources/images/TablePreview1.svm">
      <file href="resources/images/TablePreview1.svm"/>
    </resource>
    <resource identifier="resource_62" type="webcontent" adlcp:scormtype="asset" href="resources/images/tiered-risk.jpg">
      <file href="resources/images/tiered-risk.jpg"/>
    </resource>
    <resource identifier="resource_63" type="webcontent" adlcp:scormtype="asset" href="resources/images/syllabus-begin.jpg">
      <file href="resources/images/syllabus-begin.jpg"/>
    </resource>
    <resource identifier="resource_64" type="webcontent" adlcp:scormtype="asset" href="resources/images/1000000000000311000002DA77247721.png">
      <file href="resources/images/1000000000000311000002DA77247721.png"/>
    </resource>
    <resource identifier="resource_65" type="webcontent" adlcp:scormtype="asset" href="resources/images/100000000000019E000001979EC4293E.jpg">
      <file href="resources/images/100000000000019E000001979EC4293E.jpg"/>
    </resource>
    <resource identifier="resource_66" type="webcontent" adlcp:scormtype="asset" href="resources/images/instruct-end.jpg">
      <file href="resources/images/instruct-end.jpg"/>
    </resource>
    <resource identifier="resource_67" type="webcontent" adlcp:scormtype="asset" href="resources/images/10000000000002EB000000B98E857F98.png">
      <file href="resources/images/10000000000002EB000000B98E857F98.png"/>
    </resource>
    <resource identifier="resource_68" type="webcontent" adlcp:scormtype="asset" href="resources/images/syllabus-end.jpg">
      <file href="resources/images/syllabus-end.jpg"/>
    </resource>
    <resource identifier="resource_69" type="webcontent" adlcp:scormtype="asset" href="resources/images/100000000000023300000177856D0123.png">
      <file href="resources/images/100000000000023300000177856D0123.png"/>
    </resource>
    <resource identifier="resource_70" type="webcontent" adlcp:scormtype="asset" href="resources/images/10000000000001F0000001AB850A262B.png">
      <file href="resources/images/10000000000001F0000001AB850A262B.png"/>
    </resource>
    <resource identifier="resource_71" type="webcontent" adlcp:scormtype="asset" href="resources/images/1000000000000224000001BC95BC2E65.png">
      <file href="resources/images/1000000000000224000001BC95BC2E65.png"/>
    </resource>
    <resource identifier="resource_72" type="webcontent" adlcp:scormtype="asset" href="resources/images/10000000000001C5000001CAFA19E8FB.png">
      <file href="resources/images/10000000000001C5000001CAFA19E8FB.png"/>
    </resource>
    <resource identifier="resource_73" type="webcontent" adlcp:scormtype="asset" href="resources/images/100000000000026C000001E679FC7020.png">
      <file href="resources/images/100000000000026C000001E679FC7020.png"/>
    </resource>
    <resource identifier="resource_74" type="webcontent" adlcp:scormtype="asset" href="resources/images/rmf-framework.jpg">
      <file href="resources/images/rmf-framework.jpg"/>
    </resource>
    <resource identifier="resource_75" type="webcontent" adlcp:scormtype="asset" href="resources/images/10000000000005B2000004A5867BE7D2.jpg">
      <file href="resources/images/10000000000005B2000004A5867BE7D2.jpg"/>
    </resource>
    <resource identifier="resource_76" type="webcontent" adlcp:scormtype="asset" href="resources/images/100000000000023000000217CC8ED1D6.png">
      <file href="resources/images/100000000000023000000217CC8ED1D6.png"/>
    </resource>
  </resources> 
</manifest>
