<?xml version="1.0" encoding="UTF-8"?>

<manifest xmlns="http://www.imsproject.org/xsd/imscp_rootv1p1p2" xmlns:imsmd="http://www.imsglobal.org/xsd/imsmd_rootv1p2p1" xmlns:xsi="http://www.w3.org/2001/XMLSchema-instance" xmlns:adlcp="http://www.adlnet.org/xsd/adlcp_rootv1p2" xsi:schemaLocation="http://www.imsproject.org/xsd/imscp_rootv1p1p2 imscp_rootv1p1p2.xsd http://www.imsglobal.org/xsd/imsmd_rootv1p2p1 imsmd_rootv1p2p1.xsd http://www.adlnet.org/xsd/adlcp_rootv1p2 adlcp_rootv1p2.xsd" identifier="MANIFEST_A997545CCEA699508DBA4D77A2C2CB02">  
  <organizations default="ORG_537E0E623DB2BDBBD1C31291BA2ECCB2"> 
    <organization structure="hierarchical" identifier="ORG_537E0E623DB2BDBBD1C31291BA2ECCB2"> 
      <title></title>  
      <item isvisible="true" identifier="ITEM_2D62B8CC53C78B6E8A55C88F65E312F7" identifierref="resource_1"> 
        <title></title> 
      </item>
      <item isvisible="true" identifier="ITEM_E97D799D7B56EB1CBC5A104E3D7E0B15" identifierref="resource_2"> 
        <title>1. Principle 2: Everything Is Data</title> 
      </item>
      <item isvisible="true" identifier="ITEM_38E997E871B5EB1E86F441E92B2B1EE9" identifierref="resource_3"> 
        <title>2. Reading Assignments</title> 
      </item>
      <item isvisible="true" identifier="ITEM_1BC5791A665AAABF662ABC94093A356A" identifierref="resource_4"> 
        <title>3. Everything is Data</title> 
      </item>
      <item isvisible="true" identifier="ITEM_B6D2B6688B94DF6E93AE847EA3A14EA9" identifierref="resource_5"> 
        <title>4. Learning Outcomes</title> 
      </item>
      <item isvisible="true" identifier="ITEM_9AACCCCDDE8C80A51C6A7D5EC23526FB" identifierref="resource_6"> 
        <title>5. Topics</title> 
      </item>
      <item isvisible="true" identifier="ITEM_8F15FD2D0866C65CA739643C81C75CD3" identifierref="resource_7"> 
        <title>6. Topics</title> 
      </item>
      <item isvisible="true" identifier="ITEM_C8A9D125E7D5318C45C3985BF4F4B43E" identifierref="resource_8"> 
        <title>7. Everything is data</title> 
      </item>
      <item isvisible="true" identifier="ITEM_C2232C4894EAEB317E1D745514E89791" identifierref="resource_9"> 
        <title>8. Topics</title> 
      </item>
      <item isvisible="true" identifier="ITEM_62E3F77125A2CD753E0194A1ED5EE76D" identifierref="resource_10"> 
        <title>9. Information Security Model</title> 
      </item>
      <item isvisible="true" identifier="ITEM_7DE2BA25B493B6D74E790342F3113D91" identifierref="resource_11"> 
        <title>10. Topics</title> 
      </item>
      <item isvisible="true" identifier="ITEM_5CE0987CC32C521E29D99D7BB776A4E3" identifierref="resource_12"> 
        <title>11. Controlling access to data on a host can be achieved through</title> 
      </item>
      <item isvisible="true" identifier="ITEM_DDC828F2F8561190D326E456953CCAA5" identifierref="resource_13"> 
        <title>12. Operating System ACLs</title> 
      </item>
      <item isvisible="true" identifier="ITEM_AD5E1289C4AA0540D04BE5D732A7A9EE" identifierref="resource_14"> 
        <title>13. Network ACLs</title> 
      </item>
      <item isvisible="true" identifier="ITEM_A4F865217B9EC31FC8439AD28FE80D44" identifierref="resource_15"> 
        <title>14. Data Confidentiality - Encryption</title> 
      </item>
      <item isvisible="true" identifier="ITEM_8432CE4CA783BF3613C039C8A2977749" identifierref="resource_16"> 
        <title>15. Ciphers</title> 
      </item>
      <item isvisible="true" identifier="ITEM_B264209B2E134EE48642D5D3CC796790" identifierref="resource_17"> 
        <title>16. Keys (a.k.a. Cryptovariables)</title> 
      </item>
      <item isvisible="true" identifier="ITEM_F85984B3E6AD8C57D511FDD613CB5A65" identifierref="resource_18"> 
        <title>17. Types of Encryption</title> 
      </item>
      <item isvisible="true" identifier="ITEM_46524B336FE26B152B0DF749698C6176" identifierref="resource_19"> 
        <title>18. Symmetric Encryption</title> 
      </item>
      <item isvisible="true" identifier="ITEM_F0D049D2DDE8BAE8E3472B8CACCB0954" identifierref="resource_20"> 
        <title>19. Asymmetric Encryption</title> 
      </item>
      <item isvisible="true" identifier="ITEM_63AE7B74644A9C7BB56B3259CD264812" identifierref="resource_21"> 
        <title>20. Symmetric vs. Asymmetric</title> 
      </item>
      <item isvisible="true" identifier="ITEM_5D9E274DA9A7D2692D5F35B70204C983" identifierref="resource_22"> 
        <title>21. The Hybrid Model</title> 
      </item>
      <item isvisible="true" identifier="ITEM_5B7D5059567B7CDD8D6E232D16ACCC1E" identifierref="resource_23"> 
        <title>22. Summary: Confidentiality</title> 
      </item>
      <item isvisible="true" identifier="ITEM_6840FBD9CDD75201D99EC8FFD4846FE6" identifierref="resource_24"> 
        <title>23. Topics</title> 
      </item>
      <item isvisible="true" identifier="ITEM_FF3DDE6D30D7EEE3B3173A2982E3C46D" identifierref="resource_25"> 
        <title>24. Data Integrity</title> 
      </item>
      <item isvisible="true" identifier="ITEM_4824D92871D4A9B591DE10154B47B561" identifierref="resource_26"> 
        <title>25. Hash Function</title> 
      </item>
      <item isvisible="true" identifier="ITEM_617BEC8EA1852D0B83393AEB1A7DFC53" identifierref="resource_27"> 
        <title>26. Hash Function Examples</title> 
      </item>
      <item isvisible="true" identifier="ITEM_5D4F7ED339753254D858F725FD83E662" identifierref="resource_28"> 
        <title>27. Where to Use Hash Functions</title> 
      </item>
      <item isvisible="true" identifier="ITEM_D2C1CACE0D93303DA58A49B16037FE1A" identifierref="resource_29"> 
        <title>28. Hash Example</title> 
      </item>
      <item isvisible="true" identifier="ITEM_A11156171396DC15416EED9BFC4A7B1F" identifierref="resource_30"> 
        <title>29. Summary: Data Integrity</title> 
      </item>
      <item isvisible="true" identifier="ITEM_C1DC4E9927AC3DE8D95AA785E1C171EE" identifierref="resource_31"> 
        <title>30. Topics</title> 
      </item>
      <item isvisible="true" identifier="ITEM_579258CCEF6588B95587F4D8D2A163BB" identifierref="resource_32"> 
        <title>31. Definitions and Concepts</title> 
      </item>
      <item isvisible="true" identifier="ITEM_9F212E4447261C594AA02EAA98B66834" identifierref="resource_33"> 
        <title>32. Levels of Availability</title> 
      </item>
      <item isvisible="true" identifier="ITEM_E1093E575A346F934667486D326C3DA7" identifierref="resource_34"> 
        <title>33. Identifying SPOF</title> 
      </item>
      <item isvisible="true" identifier="ITEM_8EC7DB411AC89ABBAEED3555946DDDE0" identifierref="resource_35"> 
        <title>34. Identifying IT Personnel SPOF</title> 
      </item>
      <item isvisible="true" identifier="ITEM_E3D1D6A87A02511F439C7DA4E13AB5A4" identifierref="resource_36"> 
        <title>35. Identifying SPOF Dependencies</title> 
      </item>
      <item isvisible="true" identifier="ITEM_E9E2A9EF57EA35CE43F69393B4BC2ED9" identifierref="resource_37"> 
        <title>36. Best Practices for Ensuring Availability</title> 
      </item>
      <item isvisible="true" identifier="ITEM_E1A2B3E196067904C57958DDC4DEEC77" identifierref="resource_38"> 
        <title>37. Host Availability Strategies</title> 
      </item>
      <item isvisible="true" identifier="ITEM_6DE22C543128E9428E2ABE5CD1491D8C" identifierref="resource_39"> 
        <title>38. Network Availability Strategies</title> 
      </item>
      <item isvisible="true" identifier="ITEM_674D41B7D3164339493CB709D156245D" identifierref="resource_40"> 
        <title>39. Management Strategies</title> 
      </item>
      <item isvisible="true" identifier="ITEM_BAE36456A9363A2F25B1F62538DEABFC" identifierref="resource_41"> 
        <title>40. Summary: Availability</title> 
      </item>
      <item isvisible="true" identifier="ITEM_D72B66944AB959801ACE8EA2996B681A" identifierref="resource_42"> 
        <title>41. Topics</title> 
      </item>
      <item isvisible="true" identifier="ITEM_B656C263ED401B281E544C23C71C9E96" identifierref="resource_43"> 
        <title>42. CIA Discussion</title> 
      </item>
      <item isvisible="true" identifier="ITEM_4FDEA96A4A1698D26EA97616C0AA2DAC" identifierref="resource_44"> 
        <title>43. Summary: Everything Is Data</title> 
      </item>
      <item isvisible="true" identifier="ITEM_3BED4884C63180383E9851EAF45B4455" identifierref="resource_45"> 
        <title>44. Exam</title> 
      </item>
    </organization> 
  </organizations>  
  <resources> 
    <resource identifier="resource_1" type="webcontent" adlcp:scormtype="asset" href="resources/index.html">
      <file href="resources/index.html"/>
    </resource>
    <resource identifier="resource_2" type="webcontent" adlcp:scormtype="asset" href="resources/se1.html">
      <file href="resources/se1.html"/>
    </resource>
    <resource identifier="resource_3" type="webcontent" adlcp:scormtype="asset" href="resources/se2.html">
      <file href="resources/se2.html"/>
    </resource>
    <resource identifier="resource_4" type="webcontent" adlcp:scormtype="asset" href="resources/se3.html">
      <file href="resources/se3.html"/>
    </resource>
    <resource identifier="resource_5" type="webcontent" adlcp:scormtype="asset" href="resources/se4.html">
      <file href="resources/se4.html"/>
    </resource>
    <resource identifier="resource_6" type="webcontent" adlcp:scormtype="asset" href="resources/se5.html">
      <file href="resources/se5.html"/>
    </resource>
    <resource identifier="resource_7" type="webcontent" adlcp:scormtype="asset" href="resources/se6.html">
      <file href="resources/se6.html"/>
    </resource>
    <resource identifier="resource_8" type="webcontent" adlcp:scormtype="asset" href="resources/se7.html">
      <file href="resources/se7.html"/>
    </resource>
    <resource identifier="resource_9" type="webcontent" adlcp:scormtype="asset" href="resources/se8.html">
      <file href="resources/se8.html"/>
    </resource>
    <resource identifier="resource_10" type="webcontent" adlcp:scormtype="asset" href="resources/se9.html">
      <file href="resources/se9.html"/>
    </resource>
    <resource identifier="resource_11" type="webcontent" adlcp:scormtype="asset" href="resources/se10.html">
      <file href="resources/se10.html"/>
    </resource>
    <resource identifier="resource_12" type="webcontent" adlcp:scormtype="asset" href="resources/se11.html">
      <file href="resources/se11.html"/>
    </resource>
    <resource identifier="resource_13" type="webcontent" adlcp:scormtype="asset" href="resources/se12.html">
      <file href="resources/se12.html"/>
    </resource>
    <resource identifier="resource_14" type="webcontent" adlcp:scormtype="asset" href="resources/se13.html">
      <file href="resources/se13.html"/>
    </resource>
    <resource identifier="resource_15" type="webcontent" adlcp:scormtype="asset" href="resources/se14.html">
      <file href="resources/se14.html"/>
    </resource>
    <resource identifier="resource_16" type="webcontent" adlcp:scormtype="asset" href="resources/se15.html">
      <file href="resources/se15.html"/>
    </resource>
    <resource identifier="resource_17" type="webcontent" adlcp:scormtype="asset" href="resources/se16.html">
      <file href="resources/se16.html"/>
    </resource>
    <resource identifier="resource_18" type="webcontent" adlcp:scormtype="asset" href="resources/se17.html">
      <file href="resources/se17.html"/>
    </resource>
    <resource identifier="resource_19" type="webcontent" adlcp:scormtype="asset" href="resources/se18.html">
      <file href="resources/se18.html"/>
    </resource>
    <resource identifier="resource_20" type="webcontent" adlcp:scormtype="asset" href="resources/se19.html">
      <file href="resources/se19.html"/>
    </resource>
    <resource identifier="resource_21" type="webcontent" adlcp:scormtype="asset" href="resources/se20.html">
      <file href="resources/se20.html"/>
    </resource>
    <resource identifier="resource_22" type="webcontent" adlcp:scormtype="asset" href="resources/se21.html">
      <file href="resources/se21.html"/>
    </resource>
    <resource identifier="resource_23" type="webcontent" adlcp:scormtype="asset" href="resources/se22.html">
      <file href="resources/se22.html"/>
    </resource>
    <resource identifier="resource_24" type="webcontent" adlcp:scormtype="asset" href="resources/se23.html">
      <file href="resources/se23.html"/>
    </resource>
    <resource identifier="resource_25" type="webcontent" adlcp:scormtype="asset" href="resources/se24.html">
      <file href="resources/se24.html"/>
    </resource>
    <resource identifier="resource_26" type="webcontent" adlcp:scormtype="asset" href="resources/se25.html">
      <file href="resources/se25.html"/>
    </resource>
    <resource identifier="resource_27" type="webcontent" adlcp:scormtype="asset" href="resources/se26.html">
      <file href="resources/se26.html"/>
    </resource>
    <resource identifier="resource_28" type="webcontent" adlcp:scormtype="asset" href="resources/se27.html">
      <file href="resources/se27.html"/>
    </resource>
    <resource identifier="resource_29" type="webcontent" adlcp:scormtype="asset" href="resources/se28.html">
      <file href="resources/se28.html"/>
    </resource>
    <resource identifier="resource_30" type="webcontent" adlcp:scormtype="asset" href="resources/se29.html">
      <file href="resources/se29.html"/>
    </resource>
    <resource identifier="resource_31" type="webcontent" adlcp:scormtype="asset" href="resources/se30.html">
      <file href="resources/se30.html"/>
    </resource>
    <resource identifier="resource_32" type="webcontent" adlcp:scormtype="asset" href="resources/se31.html">
      <file href="resources/se31.html"/>
    </resource>
    <resource identifier="resource_33" type="webcontent" adlcp:scormtype="asset" href="resources/se32.html">
      <file href="resources/se32.html"/>
    </resource>
    <resource identifier="resource_34" type="webcontent" adlcp:scormtype="asset" href="resources/se33.html">
      <file href="resources/se33.html"/>
    </resource>
    <resource identifier="resource_35" type="webcontent" adlcp:scormtype="asset" href="resources/se34.html">
      <file href="resources/se34.html"/>
    </resource>
    <resource identifier="resource_36" type="webcontent" adlcp:scormtype="asset" href="resources/se35.html">
      <file href="resources/se35.html"/>
    </resource>
    <resource identifier="resource_37" type="webcontent" adlcp:scormtype="asset" href="resources/se36.html">
      <file href="resources/se36.html"/>
    </resource>
    <resource identifier="resource_38" type="webcontent" adlcp:scormtype="asset" href="resources/se37.html">
      <file href="resources/se37.html"/>
    </resource>
    <resource identifier="resource_39" type="webcontent" adlcp:scormtype="asset" href="resources/se38.html">
      <file href="resources/se38.html"/>
    </resource>
    <resource identifier="resource_40" type="webcontent" adlcp:scormtype="asset" href="resources/se39.html">
      <file href="resources/se39.html"/>
    </resource>
    <resource identifier="resource_41" type="webcontent" adlcp:scormtype="asset" href="resources/se40.html">
      <file href="resources/se40.html"/>
    </resource>
    <resource identifier="resource_42" type="webcontent" adlcp:scormtype="asset" href="resources/se41.html">
      <file href="resources/se41.html"/>
    </resource>
    <resource identifier="resource_43" type="webcontent" adlcp:scormtype="asset" href="resources/se42.html">
      <file href="resources/se42.html"/>
    </resource>
    <resource identifier="resource_44" type="webcontent" adlcp:scormtype="asset" href="resources/se43.html">
      <file href="resources/se43.html"/>
    </resource>
    <resource identifier="resource_45" type="webcontent" adlcp:scormtype="asset" href="resources/se44.html">
      <file href="resources/se44.html"/>
    </resource>
    <resource identifier="resource_46" type="webcontent" adlcp:scormtype="asset" href="resources/style/style.css">
      <file href="resources/style/style.css"/>
    </resource>
    <resource identifier="resource_47" type="webcontent" adlcp:scormtype="asset" href="resources/images/info_states.jpg">
      <file href="resources/images/info_states.jpg"/>
    </resource>
    <resource identifier="resource_48" type="webcontent" adlcp:scormtype="asset" href="resources/images/infosec_model_1.jpg">
      <file href="resources/images/infosec_model_1.jpg"/>
    </resource>
    <resource identifier="resource_49" type="webcontent" adlcp:scormtype="asset" href="resources/images/infosec_model2_1.jpg">
      <file href="resources/images/infosec_model2_1.jpg"/>
    </resource>
    <resource identifier="resource_50" type="webcontent" adlcp:scormtype="asset" href="resources/images/Pictures/review.png">
      <file href="resources/images/Pictures/review.png"/>
    </resource>
    <resource identifier="resource_51" type="webcontent" adlcp:scormtype="asset" href="resources/images/Pictures/1000000000000135000001706D677320.png">
      <file href="resources/images/Pictures/1000000000000135000001706D677320.png"/>
    </resource>
    <resource identifier="resource_52" type="webcontent" adlcp:scormtype="asset" href="resources/images/Pictures/1000000000000179000001C429198A9A.png">
      <file href="resources/images/Pictures/1000000000000179000001C429198A9A.png"/>
    </resource>
    <resource identifier="resource_53" type="webcontent" adlcp:scormtype="asset" href="resources/images/Pictures/20000007000065FC00000628A8E51CA3.wmf">
      <file href="resources/images/Pictures/20000007000065FC00000628A8E51CA3.wmf"/>
    </resource>
    <resource identifier="resource_54" type="webcontent" adlcp:scormtype="asset" href="resources/images/Pictures/1000000000000091000000AC99340EC6.png">
      <file href="resources/images/Pictures/1000000000000091000000AC99340EC6.png"/>
    </resource>
    <resource identifier="resource_55" type="webcontent" adlcp:scormtype="asset" href="resources/images/Pictures/10000000000003B500000129CCFD7511.png">
      <file href="resources/images/Pictures/10000000000003B500000129CCFD7511.png"/>
    </resource>
    <resource identifier="resource_56" type="webcontent" adlcp:scormtype="asset" href="resources/images/instruct-begin.jpg">
      <file href="resources/images/instruct-begin.jpg"/>
    </resource>
    <resource identifier="resource_57" type="webcontent" adlcp:scormtype="asset" href="resources/images/symmetric.jpg">
      <file href="resources/images/symmetric.jpg"/>
    </resource>
    <resource identifier="resource_58" type="webcontent" adlcp:scormtype="asset" href="resources/images/infosecproperties.jpg">
      <file href="resources/images/infosecproperties.jpg"/>
    </resource>
    <resource identifier="resource_59" type="webcontent" adlcp:scormtype="asset" href="resources/images/everything1.jpg">
      <file href="resources/images/everything1.jpg"/>
    </resource>
    <resource identifier="resource_60" type="webcontent" adlcp:scormtype="asset" href="resources/images/sha256.jpg">
      <file href="resources/images/sha256.jpg"/>
    </resource>
    <resource identifier="resource_61" type="webcontent" adlcp:scormtype="asset" href="resources/images/onpc.jpg">
      <file href="resources/images/onpc.jpg"/>
    </resource>
    <resource identifier="resource_62" type="webcontent" adlcp:scormtype="asset" href="resources/images/cookpasta.jpg">
      <file href="resources/images/cookpasta.jpg"/>
    </resource>
    <resource identifier="resource_63" type="webcontent" adlcp:scormtype="asset" href="resources/images/1000000000000241000001FDD5CA7FAF_1.jpg">
      <file href="resources/images/1000000000000241000001FDD5CA7FAF_1.jpg"/>
    </resource>
    <resource identifier="resource_64" type="webcontent" adlcp:scormtype="asset" href="resources/images/prin1-logo.jpg">
      <file href="resources/images/prin1-logo.jpg"/>
    </resource>
    <resource identifier="resource_65" type="webcontent" adlcp:scormtype="asset" href="resources/images/pdiagram2.jpg">
      <file href="resources/images/pdiagram2.jpg"/>
    </resource>
    <resource identifier="resource_66" type="webcontent" adlcp:scormtype="asset" href="resources/images/reliable.jpg">
      <file href="resources/images/reliable.jpg"/>
    </resource>
    <resource identifier="resource_67" type="webcontent" adlcp:scormtype="asset" href="resources/images/expression.jpg">
      <file href="resources/images/expression.jpg"/>
    </resource>
    <resource identifier="resource_68" type="webcontent" adlcp:scormtype="asset" href="resources/images/asymmetric.jpg">
      <file href="resources/images/asymmetric.jpg"/>
    </resource>
    <resource identifier="resource_69" type="webcontent" adlcp:scormtype="asset" href="resources/images/racecars.jpg">
      <file href="resources/images/racecars.jpg"/>
    </resource>
    <resource identifier="resource_70" type="webcontent" adlcp:scormtype="asset" href="resources/images/greenten.jpg">
      <file href="resources/images/greenten.jpg"/>
    </resource>
    <resource identifier="resource_71" type="webcontent" adlcp:scormtype="asset" href="resources/images/dancekeys.jpg">
      <file href="resources/images/dancekeys.jpg"/>
    </resource>
    <resource identifier="resource_72" type="webcontent" adlcp:scormtype="asset" href="resources/images/thiefcamera.jpg">
      <file href="resources/images/thiefcamera.jpg"/>
    </resource>
    <resource identifier="resource_73" type="webcontent" adlcp:scormtype="asset" href="resources/images/safebreak.jpg">
      <file href="resources/images/safebreak.jpg"/>
    </resource>
    <resource identifier="resource_74" type="webcontent" adlcp:scormtype="asset" href="resources/images/syllabus-begin.jpg">
      <file href="resources/images/syllabus-begin.jpg"/>
    </resource>
    <resource identifier="resource_75" type="webcontent" adlcp:scormtype="asset" href="resources/images/musclereliable.jpg">
      <file href="resources/images/musclereliable.jpg"/>
    </resource>
    <resource identifier="resource_76" type="webcontent" adlcp:scormtype="asset" href="resources/images/deskedge.jpg">
      <file href="resources/images/deskedge.jpg"/>
    </resource>
    <resource identifier="resource_77" type="webcontent" adlcp:scormtype="asset" href="resources/images/pdiagram1.jpg">
      <file href="resources/images/pdiagram1.jpg"/>
    </resource>
    <resource identifier="resource_78" type="webcontent" adlcp:scormtype="asset" href="resources/images/instruct-end.jpg">
      <file href="resources/images/instruct-end.jpg"/>
    </resource>
    <resource identifier="resource_79" type="webcontent" adlcp:scormtype="asset" href="resources/images/pdiagram0.jpg">
      <file href="resources/images/pdiagram0.jpg"/>
    </resource>
    <resource identifier="resource_80" type="webcontent" adlcp:scormtype="asset" href="resources/images/syllabus-end.jpg">
      <file href="resources/images/syllabus-end.jpg"/>
    </resource>
    <resource identifier="resource_81" type="webcontent" adlcp:scormtype="asset" href="resources/images/sec_measures.jpg">
      <file href="resources/images/sec_measures.jpg"/>
    </resource>
    <resource identifier="resource_82" type="webcontent" adlcp:scormtype="asset" href="resources/images/tolerance.jpg">
      <file href="resources/images/tolerance.jpg"/>
    </resource>
  </resources> 
</manifest>
