<?xml version="1.0" encoding="UTF-8"?>

<manifest xmlns="http://www.imsproject.org/xsd/imscp_rootv1p1p2" xmlns:imsmd="http://www.imsglobal.org/xsd/imsmd_rootv1p2p1" xmlns:xsi="http://www.w3.org/2001/XMLSchema-instance" xmlns:adlcp="http://www.adlnet.org/xsd/adlcp_rootv1p2" xsi:schemaLocation="http://www.imsproject.org/xsd/imscp_rootv1p1p2 imscp_rootv1p1p2.xsd http://www.imsglobal.org/xsd/imsmd_rootv1p2p1 imsmd_rootv1p2p1.xsd http://www.adlnet.org/xsd/adlcp_rootv1p2 adlcp_rootv1p2.xsd" identifier="MANIFEST_C43321F0CB34CDB1422873541BB98771">  
  <organizations default="ORG_819BB23365B95C9D3EEDF717D75246D1"> 
    <organization structure="hierarchical" identifier="ORG_819BB23365B95C9D3EEDF717D75246D1"> 
      <title></title>  
      <item isvisible="true" identifier="ITEM_8A94C79F3CABC62AD55BCB9E8C7A9583" identifierref="resource_1"> 
        <title></title> 
      </item>
      <item isvisible="true" identifier="ITEM_8C189C77D786BBCD08AC735F9EE9D70D" identifierref="resource_2"> 
        <title>1. Principle 1: Survivability Is an Enterprise-Wide Concern</title> 
      </item>
      <item isvisible="true" identifier="ITEM_B3DF8D8037C14D3761DC42E2E2BD0608" identifierref="resource_3"> 
        <title>2. Reading Assignments</title> 
      </item>
      <item isvisible="true" identifier="ITEM_45334A71284818E0AAF5EC9886343D36" identifierref="resource_4"> 
        <title>3. 1: Survivability is an enterprise-wide concern</title> 
      </item>
      <item isvisible="true" identifier="ITEM_32A49FC769AE5A17B344143992EF263B" identifierref="resource_5"> 
        <title>4. Learning Outcomes</title> 
      </item>
      <item isvisible="true" identifier="ITEM_01ED257F68989B6A7E1B641623B5BE61" identifierref="resource_6"> 
        <title>5. Topics</title> 
      </item>
      <item isvisible="true" identifier="ITEM_4770697CE887BFB86CA7D49D22D8ACE1" identifierref="resource_7"> 
        <title>6. Topics</title> 
      </item>
      <item isvisible="true" identifier="ITEM_B7B969E8B51E0EC5B77E1F542E442041" identifierref="resource_8"> 
        <title>7. Survivability Defined</title> 
      </item>
      <item isvisible="true" identifier="ITEM_5309D51BCCE883510E325C82B9CEA5B9" identifierref="resource_9"> 
        <title>8. Security vs. Survivability</title> 
      </item>
      <item isvisible="true" identifier="ITEM_E796AEBB652B29135EEA2A4661981649" identifierref="resource_10"> 
        <title>9. The Layered Approach to Security</title> 
      </item>
      <item isvisible="true" identifier="ITEM_ACF3584DD3DEB77E46B9F9C7EBE4F6DE" identifierref="resource_11"> 
        <title>10. The Layered Approach to Survivability (cont'd)</title> 
      </item>
      <item isvisible="true" identifier="ITEM_316DD945EC39625244E254427F08D4A8" identifierref="resource_12"> 
        <title>11. Unbounded Systems</title> 
      </item>
      <item isvisible="true" identifier="ITEM_B78125925814CC147183BA137B56D2C4" identifierref="resource_13"> 
        <title>12. Internet Trends Affecting Survivability</title> 
      </item>
      <item isvisible="true" identifier="ITEM_B5C7B86C76E9C96AABB58C79392534F8" identifierref="resource_14"> 
        <title>13. Attack Sophistication vs. Intruder Technical Knowledge</title> 
      </item>
      <item isvisible="true" identifier="ITEM_4C45361E68EC8DAD160D70788526B91D" identifierref="resource_15"> 
        <title>14. Characteristics of Survivable Systems</title> 
      </item>
      <item isvisible="true" identifier="ITEM_52A250F454445ACB2B35A4C78051A1DC" identifierref="resource_16"> 
        <title>15. Topics</title> 
      </item>
      <item isvisible="true" identifier="ITEM_9D8EBCDBEFB57DC35604CB59E192D27C" identifierref="resource_17"> 
        <title>16. Anticipates Failures and Intrusions</title> 
      </item>
      <item isvisible="true" identifier="ITEM_9606F0D12DB59BCB6C8EFA5123A29762" identifierref="resource_18"> 
        <title>17. Protecting Information Assets</title> 
      </item>
      <item isvisible="true" identifier="ITEM_907611D64504DAB64D28D9C33C68EC6E" identifierref="resource_19"> 
        <title>18. Topics</title> 
      </item>
      <item isvisible="true" identifier="ITEM_3C5EBAD4107DC8D626CB3B24C44B8039" identifierref="resource_20"> 
        <title>19. Example: Web Service Survivability</title> 
      </item>
      <item isvisible="true" identifier="ITEM_0D10F38C8D6317E2EB86A491DEDFADC8" identifierref="resource_21"> 
        <title>20. Summary</title> 
      </item>
      <item isvisible="true" identifier="ITEM_B7A11830788DD26890B1AEB37246C6AC" identifierref="resource_22"> 
        <title>21. EXAM</title> 
      </item>
    </organization> 
  </organizations>  
  <resources> 
    <resource identifier="resource_1" type="webcontent" adlcp:scormtype="asset" href="resources/index.html">
      <file href="resources/index.html"/>
    </resource>
    <resource identifier="resource_2" type="webcontent" adlcp:scormtype="asset" href="resources/se1.html">
      <file href="resources/se1.html"/>
    </resource>
    <resource identifier="resource_3" type="webcontent" adlcp:scormtype="asset" href="resources/se2.html">
      <file href="resources/se2.html"/>
    </resource>
    <resource identifier="resource_4" type="webcontent" adlcp:scormtype="asset" href="resources/se3.html">
      <file href="resources/se3.html"/>
    </resource>
    <resource identifier="resource_5" type="webcontent" adlcp:scormtype="asset" href="resources/se4.html">
      <file href="resources/se4.html"/>
    </resource>
    <resource identifier="resource_6" type="webcontent" adlcp:scormtype="asset" href="resources/se5.html">
      <file href="resources/se5.html"/>
    </resource>
    <resource identifier="resource_7" type="webcontent" adlcp:scormtype="asset" href="resources/se6.html">
      <file href="resources/se6.html"/>
    </resource>
    <resource identifier="resource_8" type="webcontent" adlcp:scormtype="asset" href="resources/se7.html">
      <file href="resources/se7.html"/>
    </resource>
    <resource identifier="resource_9" type="webcontent" adlcp:scormtype="asset" href="resources/se8.html">
      <file href="resources/se8.html"/>
    </resource>
    <resource identifier="resource_10" type="webcontent" adlcp:scormtype="asset" href="resources/se9.html">
      <file href="resources/se9.html"/>
    </resource>
    <resource identifier="resource_11" type="webcontent" adlcp:scormtype="asset" href="resources/se10.html">
      <file href="resources/se10.html"/>
    </resource>
    <resource identifier="resource_12" type="webcontent" adlcp:scormtype="asset" href="resources/se11.html">
      <file href="resources/se11.html"/>
    </resource>
    <resource identifier="resource_13" type="webcontent" adlcp:scormtype="asset" href="resources/se12.html">
      <file href="resources/se12.html"/>
    </resource>
    <resource identifier="resource_14" type="webcontent" adlcp:scormtype="asset" href="resources/se13.html">
      <file href="resources/se13.html"/>
    </resource>
    <resource identifier="resource_15" type="webcontent" adlcp:scormtype="asset" href="resources/se14.html">
      <file href="resources/se14.html"/>
    </resource>
    <resource identifier="resource_16" type="webcontent" adlcp:scormtype="asset" href="resources/se15.html">
      <file href="resources/se15.html"/>
    </resource>
    <resource identifier="resource_17" type="webcontent" adlcp:scormtype="asset" href="resources/se16.html">
      <file href="resources/se16.html"/>
    </resource>
    <resource identifier="resource_18" type="webcontent" adlcp:scormtype="asset" href="resources/se17.html">
      <file href="resources/se17.html"/>
    </resource>
    <resource identifier="resource_19" type="webcontent" adlcp:scormtype="asset" href="resources/se18.html">
      <file href="resources/se18.html"/>
    </resource>
    <resource identifier="resource_20" type="webcontent" adlcp:scormtype="asset" href="resources/se19.html">
      <file href="resources/se19.html"/>
    </resource>
    <resource identifier="resource_21" type="webcontent" adlcp:scormtype="asset" href="resources/se20.html">
      <file href="resources/se20.html"/>
    </resource>
    <resource identifier="resource_22" type="webcontent" adlcp:scormtype="asset" href="resources/se21.html">
      <file href="resources/se21.html"/>
    </resource>
    <resource identifier="resource_23" type="webcontent" adlcp:scormtype="asset" href="resources/style/style.css">
      <file href="resources/style/style.css"/>
    </resource>
    <resource identifier="resource_24" type="webcontent" adlcp:scormtype="asset" href="resources/images/prin3-logo.jpg">
      <file href="resources/images/prin3-logo.jpg"/>
    </resource>
    <resource identifier="resource_25" type="webcontent" adlcp:scormtype="asset" href="resources/images/prin7.jpg">
      <file href="resources/images/prin7.jpg"/>
    </resource>
    <resource identifier="resource_26" type="webcontent" adlcp:scormtype="asset" href="resources/images/car_1.jpg">
      <file href="resources/images/car_1.jpg"/>
    </resource>
    <resource identifier="resource_27" type="webcontent" adlcp:scormtype="asset" href="resources/images/instruct-begin.jpg">
      <file href="resources/images/instruct-begin.jpg"/>
    </resource>
    <resource identifier="resource_28" type="webcontent" adlcp:scormtype="asset" href="resources/images/prin9.jpg">
      <file href="resources/images/prin9.jpg"/>
    </resource>
    <resource identifier="resource_29" type="webcontent" adlcp:scormtype="asset" href="resources/images/prin10.jpg">
      <file href="resources/images/prin10.jpg"/>
    </resource>
    <resource identifier="resource_30" type="webcontent" adlcp:scormtype="asset" href="resources/images/prin1a.jpg">
      <file href="resources/images/prin1a.jpg"/>
    </resource>
    <resource identifier="resource_31" type="webcontent" adlcp:scormtype="asset" href="resources/images/attack-sophis.jpg">
      <file href="resources/images/attack-sophis.jpg"/>
    </resource>
    <resource identifier="resource_32" type="webcontent" adlcp:scormtype="asset" href="resources/images/unbounded_1.jpg">
      <file href="resources/images/unbounded_1.jpg"/>
    </resource>
    <resource identifier="resource_33" type="webcontent" adlcp:scormtype="asset" href="resources/images/review.jpg">
      <file href="resources/images/review.jpg"/>
    </resource>
    <resource identifier="resource_34" type="webcontent" adlcp:scormtype="asset" href="resources/images/anticipate_1.jpg">
      <file href="resources/images/anticipate_1.jpg"/>
    </resource>
    <resource identifier="resource_35" type="webcontent" adlcp:scormtype="asset" href="resources/images/prin5.jpg">
      <file href="resources/images/prin5.jpg"/>
    </resource>
    <resource identifier="resource_36" type="webcontent" adlcp:scormtype="asset" href="resources/images/tech-timeouts.jpg">
      <file href="resources/images/tech-timeouts.jpg"/>
    </resource>
    <resource identifier="resource_37" type="webcontent" adlcp:scormtype="asset" href="resources/images/prin1b.jpg">
      <file href="resources/images/prin1b.jpg"/>
    </resource>
    <resource identifier="resource_38" type="webcontent" adlcp:scormtype="asset" href="resources/images/prin2.jpg">
      <file href="resources/images/prin2.jpg"/>
    </resource>
    <resource identifier="resource_39" type="webcontent" adlcp:scormtype="asset" href="resources/images/military_1.jpg">
      <file href="resources/images/military_1.jpg"/>
    </resource>
    <resource identifier="resource_40" type="webcontent" adlcp:scormtype="asset" href="resources/images/postal_1.jpg">
      <file href="resources/images/postal_1.jpg"/>
    </resource>
    <resource identifier="resource_41" type="webcontent" adlcp:scormtype="asset" href="resources/images/secvssuv2_1.jpg">
      <file href="resources/images/secvssuv2_1.jpg"/>
    </resource>
    <resource identifier="resource_42" type="webcontent" adlcp:scormtype="asset" href="resources/images/prin4.jpg">
      <file href="resources/images/prin4.jpg"/>
    </resource>
    <resource identifier="resource_43" type="webcontent" adlcp:scormtype="asset" href="resources/images/secvssuv1_1.jpg">
      <file href="resources/images/secvssuv1_1.jpg"/>
    </resource>
    <resource identifier="resource_44" type="webcontent" adlcp:scormtype="asset" href="resources/images/prin6.jpg">
      <file href="resources/images/prin6.jpg"/>
    </resource>
    <resource identifier="resource_45" type="webcontent" adlcp:scormtype="asset" href="resources/images/webserver-ex.jpg">
      <file href="resources/images/webserver-ex.jpg"/>
    </resource>
    <resource identifier="resource_46" type="webcontent" adlcp:scormtype="asset" href="resources/images/survive-define_1.jpg">
      <file href="resources/images/survive-define_1.jpg"/>
    </resource>
    <resource identifier="resource_47" type="webcontent" adlcp:scormtype="asset" href="resources/images/prin3.jpg">
      <file href="resources/images/prin3.jpg"/>
    </resource>
    <resource identifier="resource_48" type="webcontent" adlcp:scormtype="asset" href="resources/images/syllabus-begin.jpg">
      <file href="resources/images/syllabus-begin.jpg"/>
    </resource>
    <resource identifier="resource_49" type="webcontent" adlcp:scormtype="asset" href="resources/images/instruct-end.jpg">
      <file href="resources/images/instruct-end.jpg"/>
    </resource>
    <resource identifier="resource_50" type="webcontent" adlcp:scormtype="asset" href="resources/images/syllabus-end.jpg">
      <file href="resources/images/syllabus-end.jpg"/>
    </resource>
    <resource identifier="resource_51" type="webcontent" adlcp:scormtype="asset" href="resources/images/prin8.jpg">
      <file href="resources/images/prin8.jpg"/>
    </resource>
    <resource identifier="resource_52" type="webcontent" adlcp:scormtype="asset" href="resources/images/key_1.jpg">
      <file href="resources/images/key_1.jpg"/>
    </resource>
  </resources> 
</manifest>
