<?xml version="1.0" encoding="UTF-8"?>

<manifest xmlns="http://www.imsproject.org/xsd/imscp_rootv1p1p2" xmlns:imsmd="http://www.imsglobal.org/xsd/imsmd_rootv1p2p1" xmlns:xsi="http://www.w3.org/2001/XMLSchema-instance" xmlns:adlcp="http://www.adlnet.org/xsd/adlcp_rootv1p2" xsi:schemaLocation="http://www.imsproject.org/xsd/imscp_rootv1p1p2 imscp_rootv1p1p2.xsd http://www.imsglobal.org/xsd/imsmd_rootv1p2p1 imsmd_rootv1p2p1.xsd http://www.adlnet.org/xsd/adlcp_rootv1p2 adlcp_rootv1p2.xsd" identifier="MANIFEST_25A4E81D8DBCFED5F21E091E66E9B1A5">  
  <organizations default="ORG_6C21BC2DA9AF9348AC53D9F35EF1CD09"> 
    <organization structure="hierarchical" identifier="ORG_6C21BC2DA9AF9348AC53D9F35EF1CD09"> 
      <title></title>  
      <item isvisible="true" identifier="ITEM_5C7A805B91CBAF0C38395D6E941E49A7" identifierref="resource_1"> 
        <title></title> 
      </item>
      <item isvisible="true" identifier="ITEM_349E2A3E6A541A7C782DD27CD359D397" identifierref="resource_2"> 
        <title>1. Principle 5: Identification of Users, Computer Systems, and Network Infrastructure Components Is Critical</title> 
      </item>
      <item isvisible="true" identifier="ITEM_8BC0392D4A185521C62D4E8653A14B2C" identifierref="resource_3"> 
        <title>2. Reading Assignments</title> 
      </item>
      <item isvisible="true" identifier="ITEM_49AB92D55CD40313B213A0CE1CB1F667" identifierref="resource_4"> 
        <title>3. Principle 5: Identification of users, computer systems, and network infrastructure components is critical.</title> 
      </item>
      <item isvisible="true" identifier="ITEM_68415DEC9A5AB276138507B795AE2CFC" identifierref="resource_5"> 
        <title>4. Learning Outcomes</title> 
      </item>
      <item isvisible="true" identifier="ITEM_76E9464F390B0B932CCF6314BE61C7E9" identifierref="resource_6"> 
        <title>5. Topics</title> 
      </item>
      <item isvisible="true" identifier="ITEM_A65BB453EC60A34B619946CFFCBA08B2" identifierref="resource_7"> 
        <title>6. Topics</title> 
      </item>
      <item isvisible="true" identifier="ITEM_B01B5A44FCCD20E933023CA37A930D1B" identifierref="resource_8"> 
        <title>7. Information Security Principles</title> 
      </item>
      <item isvisible="true" identifier="ITEM_BE808772EFBE96ACF714698D17E194E2" identifierref="resource_9"> 
        <title>8. Authentication</title> 
      </item>
      <item isvisible="true" identifier="ITEM_BA53B8451431C3325DF74592B3189169" identifierref="resource_10"> 
        <title>9. Integrity</title> 
      </item>
      <item isvisible="true" identifier="ITEM_574A47C5C8EE22B8046B5C4539E927CE" identifierref="resource_11"> 
        <title>10. Non-repudiation</title> 
      </item>
      <item isvisible="true" identifier="ITEM_5DDD428749BBAEA322242E79C0BB8512" identifierref="resource_12"> 
        <title>11. Topics</title> 
      </item>
      <item isvisible="true" identifier="ITEM_D10DD267C56395B3DE9BB475A9D1CA9A" identifierref="resource_13"> 
        <title>12. Authenticating Users</title> 
      </item>
      <item isvisible="true" identifier="ITEM_5A4FC9D3AEB02A0111855C8D021B291C" identifierref="resource_14"> 
        <title>13. Types of Authentication</title> 
      </item>
      <item isvisible="true" identifier="ITEM_1F46C5A9D6BE40CEB186E73AC3C63D73" identifierref="resource_15"> 
        <title>14. The Strongest Authentication</title> 
      </item>
      <item isvisible="true" identifier="ITEM_AE4EF21CCB3CCC30B178B58D8AB6C2CD" identifierref="resource_16"> 
        <title>15. Something You Know</title> 
      </item>
      <item isvisible="true" identifier="ITEM_8FCEC48E4C58835B068015B89807DEA9" identifierref="resource_17"> 
        <title>16. Password Guidelines</title> 
      </item>
      <item isvisible="true" identifier="ITEM_4954A765C9F3D37AC9EC760A8C0667CB" identifierref="resource_18"> 
        <title>17. Username and Reusable Passwords-Something You Know</title> 
      </item>
      <item isvisible="true" identifier="ITEM_F8116B9DD3CCA9AD35D8F5D56BEA0D16" identifierref="resource_19"> 
        <title>18. Something You Have</title> 
      </item>
      <item isvisible="true" identifier="ITEM_3FC48E4123A82798234BDA2C2561C1F1" identifierref="resource_20"> 
        <title>19. Tokens - Something You Have</title> 
      </item>
      <item isvisible="true" identifier="ITEM_722464E9E1A71A71007A50C74E52BE1E" identifierref="resource_21"> 
        <title>20. Something You Are</title> 
      </item>
      <item isvisible="true" identifier="ITEM_B0EA819CD8E1CE8A9F78A1E588226051" identifierref="resource_22"> 
        <title>21. Biometric Methods - Something You Are</title> 
      </item>
      <item isvisible="true" identifier="ITEM_E7E46C5E4ED24C642B269F747AF1E2C6" identifierref="resource_23"> 
        <title>22. Downside of Biometrics</title> 
      </item>
      <item isvisible="true" identifier="ITEM_59ED8892B7D9C40C7CF9DAE621A5E373" identifierref="resource_24"> 
        <title>23. User Authentication Methods</title> 
      </item>
      <item isvisible="true" identifier="ITEM_AFB277105C11BE9EA38227D8544C52A9" identifierref="resource_25"> 
        <title>24. Using Password Auditing Tools</title> 
      </item>
      <item isvisible="true" identifier="ITEM_8DD08AF6CC1998DBF7F8E4C33A56781B" identifierref="resource_26"> 
        <title>25. Summary: User Authentication</title> 
      </item>
      <item isvisible="true" identifier="ITEM_4DFE5343208C3808CB2F47175D7782E9" identifierref="resource_27"> 
        <title>26. Topics</title> 
      </item>
      <item isvisible="true" identifier="ITEM_4618C9BA198C6BD7D32AB9A93CCD647B" identifierref="resource_28"> 
        <title>27. Hosts Also Need To Authenticate</title> 
      </item>
      <item isvisible="true" identifier="ITEM_558961AD53619D5B1A401057FEBD3969" identifierref="resource_29"> 
        <title>28. Digital Certificates</title> 
      </item>
      <item isvisible="true" identifier="ITEM_9995AA84E8AD0ACA1B007AD3EB6AC43B" identifierref="resource_30"> 
        <title>29. Public Key Infrastructure</title> 
      </item>
      <item isvisible="true" identifier="ITEM_1449C3BE5D68E9475A5BA8DB17FFDDBA" identifierref="resource_31"> 
        <title>30. Summary</title> 
      </item>
      <item isvisible="true" identifier="ITEM_2EDCC84992851A8AAC82ED5A2F2EE368" identifierref="resource_32"> 
        <title>31. Exam</title> 
      </item>
    </organization> 
  </organizations>  
  <resources> 
    <resource identifier="resource_1" type="webcontent" adlcp:scormtype="asset" href="resources/index.html">
      <file href="resources/index.html"/>
    </resource>
    <resource identifier="resource_2" type="webcontent" adlcp:scormtype="asset" href="resources/se1.html">
      <file href="resources/se1.html"/>
    </resource>
    <resource identifier="resource_3" type="webcontent" adlcp:scormtype="asset" href="resources/se2.html">
      <file href="resources/se2.html"/>
    </resource>
    <resource identifier="resource_4" type="webcontent" adlcp:scormtype="asset" href="resources/se3.html">
      <file href="resources/se3.html"/>
    </resource>
    <resource identifier="resource_5" type="webcontent" adlcp:scormtype="asset" href="resources/se4.html">
      <file href="resources/se4.html"/>
    </resource>
    <resource identifier="resource_6" type="webcontent" adlcp:scormtype="asset" href="resources/se5.html">
      <file href="resources/se5.html"/>
    </resource>
    <resource identifier="resource_7" type="webcontent" adlcp:scormtype="asset" href="resources/se6.html">
      <file href="resources/se6.html"/>
    </resource>
    <resource identifier="resource_8" type="webcontent" adlcp:scormtype="asset" href="resources/se7.html">
      <file href="resources/se7.html"/>
    </resource>
    <resource identifier="resource_9" type="webcontent" adlcp:scormtype="asset" href="resources/se8.html">
      <file href="resources/se8.html"/>
    </resource>
    <resource identifier="resource_10" type="webcontent" adlcp:scormtype="asset" href="resources/se9.html">
      <file href="resources/se9.html"/>
    </resource>
    <resource identifier="resource_11" type="webcontent" adlcp:scormtype="asset" href="resources/se10.html">
      <file href="resources/se10.html"/>
    </resource>
    <resource identifier="resource_12" type="webcontent" adlcp:scormtype="asset" href="resources/se11.html">
      <file href="resources/se11.html"/>
    </resource>
    <resource identifier="resource_13" type="webcontent" adlcp:scormtype="asset" href="resources/se12.html">
      <file href="resources/se12.html"/>
    </resource>
    <resource identifier="resource_14" type="webcontent" adlcp:scormtype="asset" href="resources/se13.html">
      <file href="resources/se13.html"/>
    </resource>
    <resource identifier="resource_15" type="webcontent" adlcp:scormtype="asset" href="resources/se14.html">
      <file href="resources/se14.html"/>
    </resource>
    <resource identifier="resource_16" type="webcontent" adlcp:scormtype="asset" href="resources/se15.html">
      <file href="resources/se15.html"/>
    </resource>
    <resource identifier="resource_17" type="webcontent" adlcp:scormtype="asset" href="resources/se16.html">
      <file href="resources/se16.html"/>
    </resource>
    <resource identifier="resource_18" type="webcontent" adlcp:scormtype="asset" href="resources/se17.html">
      <file href="resources/se17.html"/>
    </resource>
    <resource identifier="resource_19" type="webcontent" adlcp:scormtype="asset" href="resources/se18.html">
      <file href="resources/se18.html"/>
    </resource>
    <resource identifier="resource_20" type="webcontent" adlcp:scormtype="asset" href="resources/se19.html">
      <file href="resources/se19.html"/>
    </resource>
    <resource identifier="resource_21" type="webcontent" adlcp:scormtype="asset" href="resources/se20.html">
      <file href="resources/se20.html"/>
    </resource>
    <resource identifier="resource_22" type="webcontent" adlcp:scormtype="asset" href="resources/se21.html">
      <file href="resources/se21.html"/>
    </resource>
    <resource identifier="resource_23" type="webcontent" adlcp:scormtype="asset" href="resources/se22.html">
      <file href="resources/se22.html"/>
    </resource>
    <resource identifier="resource_24" type="webcontent" adlcp:scormtype="asset" href="resources/se23.html">
      <file href="resources/se23.html"/>
    </resource>
    <resource identifier="resource_25" type="webcontent" adlcp:scormtype="asset" href="resources/se24.html">
      <file href="resources/se24.html"/>
    </resource>
    <resource identifier="resource_26" type="webcontent" adlcp:scormtype="asset" href="resources/se25.html">
      <file href="resources/se25.html"/>
    </resource>
    <resource identifier="resource_27" type="webcontent" adlcp:scormtype="asset" href="resources/se26.html">
      <file href="resources/se26.html"/>
    </resource>
    <resource identifier="resource_28" type="webcontent" adlcp:scormtype="asset" href="resources/se27.html">
      <file href="resources/se27.html"/>
    </resource>
    <resource identifier="resource_29" type="webcontent" adlcp:scormtype="asset" href="resources/se28.html">
      <file href="resources/se28.html"/>
    </resource>
    <resource identifier="resource_30" type="webcontent" adlcp:scormtype="asset" href="resources/se29.html">
      <file href="resources/se29.html"/>
    </resource>
    <resource identifier="resource_31" type="webcontent" adlcp:scormtype="asset" href="resources/se30.html">
      <file href="resources/se30.html"/>
    </resource>
    <resource identifier="resource_32" type="webcontent" adlcp:scormtype="asset" href="resources/se31.html">
      <file href="resources/se31.html"/>
    </resource>
    <resource identifier="resource_33" type="webcontent" adlcp:scormtype="asset" href="resources/style/style.css">
      <file href="resources/style/style.css"/>
    </resource>
    <resource identifier="resource_34" type="webcontent" adlcp:scormtype="asset" href="resources/images/instruct-begin.jpg">
      <file href="resources/images/instruct-begin.jpg"/>
    </resource>
    <resource identifier="resource_35" type="webcontent" adlcp:scormtype="asset" href="resources/images/dial.jpg">
      <file href="resources/images/dial.jpg"/>
    </resource>
    <resource identifier="resource_36" type="webcontent" adlcp:scormtype="asset" href="resources/images/lockdoor.jpg">
      <file href="resources/images/lockdoor.jpg"/>
    </resource>
    <resource identifier="resource_37" type="webcontent" adlcp:scormtype="asset" href="resources/images/review.jpg">
      <file href="resources/images/review.jpg"/>
    </resource>
    <resource identifier="resource_38" type="webcontent" adlcp:scormtype="asset" href="resources/images/pcstickies.jpg">
      <file href="resources/images/pcstickies.jpg"/>
    </resource>
    <resource identifier="resource_39" type="webcontent" adlcp:scormtype="asset" href="resources/images/tech-begin.jpg">
      <file href="resources/images/tech-begin.jpg"/>
    </resource>
    <resource identifier="resource_40" type="webcontent" adlcp:scormtype="asset" href="resources/images/housepc.jpg">
      <file href="resources/images/housepc.jpg"/>
    </resource>
    <resource identifier="resource_41" type="webcontent" adlcp:scormtype="asset" href="resources/images/tech-timeouts.jpg">
      <file href="resources/images/tech-timeouts.jpg"/>
    </resource>
    <resource identifier="resource_42" type="webcontent" adlcp:scormtype="asset" href="resources/images/chalkboard.jpg">
      <file href="resources/images/chalkboard.jpg"/>
    </resource>
    <resource identifier="resource_43" type="webcontent" adlcp:scormtype="asset" href="resources/images/eye.jpg">
      <file href="resources/images/eye.jpg"/>
    </resource>
    <resource identifier="resource_44" type="webcontent" adlcp:scormtype="asset" href="resources/images/twopeople.jpg">
      <file href="resources/images/twopeople.jpg"/>
    </resource>
    <resource identifier="resource_45" type="webcontent" adlcp:scormtype="asset" href="resources/images/desktop.jpg">
      <file href="resources/images/desktop.jpg"/>
    </resource>
    <resource identifier="resource_46" type="webcontent" adlcp:scormtype="asset" href="resources/images/Thumbs.db:encryptable">
      <file href="resources/images/Thumbs.db:encryptable"/>
    </resource>
    <resource identifier="resource_47" type="webcontent" adlcp:scormtype="asset" href="resources/images/computer.jpg">
      <file href="resources/images/computer.jpg"/>
    </resource>
    <resource identifier="resource_48" type="webcontent" adlcp:scormtype="asset" href="resources/images/syllabus-begin.jpg">
      <file href="resources/images/syllabus-begin.jpg"/>
    </resource>
    <resource identifier="resource_49" type="webcontent" adlcp:scormtype="asset" href="resources/images/teacher.jpg">
      <file href="resources/images/teacher.jpg"/>
    </resource>
    <resource identifier="resource_50" type="webcontent" adlcp:scormtype="asset" href="resources/images/tp.jpg">
      <file href="resources/images/tp.jpg"/>
    </resource>
    <resource identifier="resource_51" type="webcontent" adlcp:scormtype="asset" href="resources/images/safe.jpg">
      <file href="resources/images/safe.jpg"/>
    </resource>
    <resource identifier="resource_52" type="webcontent" adlcp:scormtype="asset" href="resources/images/instruct-end.jpg">
      <file href="resources/images/instruct-end.jpg"/>
    </resource>
    <resource identifier="resource_53" type="webcontent" adlcp:scormtype="asset" href="resources/images/syllabus-end.jpg">
      <file href="resources/images/syllabus-end.jpg"/>
    </resource>
    <resource identifier="resource_54" type="webcontent" adlcp:scormtype="asset" href="resources/images/Thumbs.db">
      <file href="resources/images/Thumbs.db"/>
    </resource>
    <resource identifier="resource_55" type="webcontent" adlcp:scormtype="asset" href="resources/images/tech-end.jpg">
      <file href="resources/images/tech-end.jpg"/>
    </resource>
  </resources> 
</manifest>
