<?xml version="1.0" encoding="UTF-8"?>

<manifest xmlns="http://www.imsproject.org/xsd/imscp_rootv1p1p2" xmlns:imsmd="http://www.imsglobal.org/xsd/imsmd_rootv1p2p1" xmlns:xsi="http://www.w3.org/2001/XMLSchema-instance" xmlns:adlcp="http://www.adlnet.org/xsd/adlcp_rootv1p2" xsi:schemaLocation="http://www.imsproject.org/xsd/imscp_rootv1p1p2 imscp_rootv1p1p2.xsd http://www.imsglobal.org/xsd/imsmd_rootv1p2p1 imsmd_rootv1p2p1.xsd http://www.adlnet.org/xsd/adlcp_rootv1p2 adlcp_rootv1p2.xsd" identifier="MANIFEST_28D94D73126CDA82F25B49BED8510B85">  
  <organizations default="ORG_D53E0EC9CD574147FD62E38138924002"> 
    <organization structure="hierarchical" identifier="ORG_D53E0EC9CD574147FD62E38138924002"> 
      <title></title>  
      <item isvisible="true" identifier="ITEM_D7E113DFC25A3E28CB2B9B2A5F3BCE46" identifierref="resource_1"> 
        <title></title> 
      </item>
      <item isvisible="true" identifier="ITEM_4749CEB7C1B48ED9F5C218F3E27044C9" identifierref="resource_2"> 
        <title>1. Introduction to Principles of Survivability and Information Assurance</title> 
      </item>
      <item isvisible="true" identifier="ITEM_5EC889C52C4EAB6C3F4DC8EF534B979B" identifierref="resource_3"> 
        <title>2. Reading Assignments</title> 
      </item>
      <item isvisible="true" identifier="ITEM_CEC343307A54C91B5E962521D896A961" identifierref="resource_4"> 
        <title>3. Topics</title> 
      </item>
      <item isvisible="true" identifier="ITEM_924CCA63BBA4DE25AA0D749B4C453F32" identifierref="resource_5"> 
        <title>4. Learning outcomes</title> 
      </item>
      <item isvisible="true" identifier="ITEM_9635C8146A39956256BD751997B1F855" identifierref="resource_6"> 
        <title>5. Topics</title> 
      </item>
      <item isvisible="true" identifier="ITEM_F8B6A16F1EA7324D558AE69F64658C3F" identifierref="resource_7"> 
        <title>6. SIA Curriculum Goals</title> 
      </item>
      <item isvisible="true" identifier="ITEM_45B42123CF9D66DA6A64A4E3EBA3CFBC" identifierref="resource_8"> 
        <title>7. Topics</title> 
      </item>
      <item isvisible="true" identifier="ITEM_8B5E6B946E07D15B3A199728C93AC725" identifierref="resource_9"> 
        <title>8. Course introduction</title> 
      </item>
      <item isvisible="true" identifier="ITEM_9A223E018528DBEEDE786E91C23E844D" identifierref="resource_10"> 
        <title>9. Topics</title> 
      </item>
      <item isvisible="true" identifier="ITEM_E62CF760167A33692CE1E182E32BCE39" identifierref="resource_11"> 
        <title>10. The 10 SIA Principles</title> 
      </item>
      <item isvisible="true" identifier="ITEM_3E83C25BE2D806DF9C95314BC8855E38" identifierref="resource_12"> 
        <title>11. Principles of Survivability and Information Assurance</title> 
      </item>
      <item isvisible="true" identifier="ITEM_D02520B233AB9C78EBBBA8123E5EA87B" identifierref="resource_13"> 
        <title>12. Principle 1 - Survivability is an enterprise-wide concern</title> 
      </item>
      <item isvisible="true" identifier="ITEM_3EAAD8E2C6998FCA8B45A324F9346CD7" identifierref="resource_14"> 
        <title>13. Principle 2 - Everything is data</title> 
      </item>
      <item isvisible="true" identifier="ITEM_1083EE9C83AAFE4AEDA3EEC9DE0C97FC" identifierref="resource_15"> 
        <title>14. Principle 3 - Not all data is of equal value to an enterprise - risk must be managed</title> 
      </item>
      <item isvisible="true" identifier="ITEM_DDF9CD2B8BB68ACE661AA82E4B48AC89" identifierref="resource_16"> 
        <title>15. Principle 4 - Information assurance policy governs actions</title> 
      </item>
      <item isvisible="true" identifier="ITEM_87FE277C17B79EB5838F94A06B8B53D5" identifierref="resource_17"> 
        <title>16. Principle 5 - Identification of users, computer systems, and network infrastructure components is critical</title> 
      </item>
      <item isvisible="true" identifier="ITEM_30FC76BC21C6242376C49E585EA5CBC9" identifierref="resource_18"> 
        <title>17. Principle 6 - Survivable Functional Units (SFUs) are a helpful way to think about an enterprise's networks</title> 
      </item>
      <item isvisible="true" identifier="ITEM_737447708AC48E1CF2D50DD83993219A" identifierref="resource_19"> 
        <title>18. Principle 7 - Security Knowledge in Practice (SKiP) provides a structured approach</title> 
      </item>
      <item isvisible="true" identifier="ITEM_BD2E4F10BD4D6D701E962F1A3D1C6684" identifierref="resource_20"> 
        <title>19. Principle 8 - The roadmap guides implementation choices (all technology is not equal)</title> 
      </item>
      <item isvisible="true" identifier="ITEM_E8D8147E185E63D6D246BBC483332328" identifierref="resource_21"> 
        <title>20. Principle 9 - Challenge assumptions to understand risk</title> 
      </item>
      <item isvisible="true" identifier="ITEM_2C4CA09A79E993C3641107E3DA52F62A" identifierref="resource_22"> 
        <title>21. Principle 10 - Communication skill is critical to reach all constituencies</title> 
      </item>
      <item isvisible="true" identifier="ITEM_44820A3B35A63731023C0170CE390AC2" identifierref="resource_23"> 
        <title>22. Topics</title> 
      </item>
      <item isvisible="true" identifier="ITEM_C463C392A2111CE5EF94993BED6581CD" identifierref="resource_24"> 
        <title>23. Evaluation Process</title> 
      </item>
      <item isvisible="true" identifier="ITEM_183F5C931E30A8FAEEBCA956811BEF00" identifierref="resource_25"> 
        <title>24. Summary</title> 
      </item>
      <item isvisible="true" identifier="ITEM_855E3865E36DEB6567778FA152B42455" identifierref="resource_26"> 
        <title>25. EXAM</title> 
      </item>
    </organization> 
  </organizations>  
  <resources> 
    <resource identifier="resource_1" type="webcontent" adlcp:scormtype="asset" href="resources/index.html">
      <file href="resources/index.html"/>
    </resource>
    <resource identifier="resource_2" type="webcontent" adlcp:scormtype="asset" href="resources/se1.html">
      <file href="resources/se1.html"/>
    </resource>
    <resource identifier="resource_3" type="webcontent" adlcp:scormtype="asset" href="resources/se2.html">
      <file href="resources/se2.html"/>
    </resource>
    <resource identifier="resource_4" type="webcontent" adlcp:scormtype="asset" href="resources/se3.html">
      <file href="resources/se3.html"/>
    </resource>
    <resource identifier="resource_5" type="webcontent" adlcp:scormtype="asset" href="resources/se4.html">
      <file href="resources/se4.html"/>
    </resource>
    <resource identifier="resource_6" type="webcontent" adlcp:scormtype="asset" href="resources/se5.html">
      <file href="resources/se5.html"/>
    </resource>
    <resource identifier="resource_7" type="webcontent" adlcp:scormtype="asset" href="resources/se6.html">
      <file href="resources/se6.html"/>
    </resource>
    <resource identifier="resource_8" type="webcontent" adlcp:scormtype="asset" href="resources/se7.html">
      <file href="resources/se7.html"/>
    </resource>
    <resource identifier="resource_9" type="webcontent" adlcp:scormtype="asset" href="resources/se8.html">
      <file href="resources/se8.html"/>
    </resource>
    <resource identifier="resource_10" type="webcontent" adlcp:scormtype="asset" href="resources/se9.html">
      <file href="resources/se9.html"/>
    </resource>
    <resource identifier="resource_11" type="webcontent" adlcp:scormtype="asset" href="resources/se10.html">
      <file href="resources/se10.html"/>
    </resource>
    <resource identifier="resource_12" type="webcontent" adlcp:scormtype="asset" href="resources/se11.html">
      <file href="resources/se11.html"/>
    </resource>
    <resource identifier="resource_13" type="webcontent" adlcp:scormtype="asset" href="resources/se12.html">
      <file href="resources/se12.html"/>
    </resource>
    <resource identifier="resource_14" type="webcontent" adlcp:scormtype="asset" href="resources/se13.html">
      <file href="resources/se13.html"/>
    </resource>
    <resource identifier="resource_15" type="webcontent" adlcp:scormtype="asset" href="resources/se14.html">
      <file href="resources/se14.html"/>
    </resource>
    <resource identifier="resource_16" type="webcontent" adlcp:scormtype="asset" href="resources/se15.html">
      <file href="resources/se15.html"/>
    </resource>
    <resource identifier="resource_17" type="webcontent" adlcp:scormtype="asset" href="resources/se16.html">
      <file href="resources/se16.html"/>
    </resource>
    <resource identifier="resource_18" type="webcontent" adlcp:scormtype="asset" href="resources/se17.html">
      <file href="resources/se17.html"/>
    </resource>
    <resource identifier="resource_19" type="webcontent" adlcp:scormtype="asset" href="resources/se18.html">
      <file href="resources/se18.html"/>
    </resource>
    <resource identifier="resource_20" type="webcontent" adlcp:scormtype="asset" href="resources/se19.html">
      <file href="resources/se19.html"/>
    </resource>
    <resource identifier="resource_21" type="webcontent" adlcp:scormtype="asset" href="resources/se20.html">
      <file href="resources/se20.html"/>
    </resource>
    <resource identifier="resource_22" type="webcontent" adlcp:scormtype="asset" href="resources/se21.html">
      <file href="resources/se21.html"/>
    </resource>
    <resource identifier="resource_23" type="webcontent" adlcp:scormtype="asset" href="resources/se22.html">
      <file href="resources/se22.html"/>
    </resource>
    <resource identifier="resource_24" type="webcontent" adlcp:scormtype="asset" href="resources/se23.html">
      <file href="resources/se23.html"/>
    </resource>
    <resource identifier="resource_25" type="webcontent" adlcp:scormtype="asset" href="resources/se24.html">
      <file href="resources/se24.html"/>
    </resource>
    <resource identifier="resource_26" type="webcontent" adlcp:scormtype="asset" href="resources/se25.html">
      <file href="resources/se25.html"/>
    </resource>
    <resource identifier="resource_27" type="webcontent" adlcp:scormtype="asset" href="resources/style/style.css">
      <file href="resources/style/style.css"/>
    </resource>
    <resource identifier="resource_28" type="webcontent" adlcp:scormtype="asset" href="resources/images/prin3-logo.jpg">
      <file href="resources/images/prin3-logo.jpg"/>
    </resource>
    <resource identifier="resource_29" type="webcontent" adlcp:scormtype="asset" href="resources/images/prin7.jpg">
      <file href="resources/images/prin7.jpg"/>
    </resource>
    <resource identifier="resource_30" type="webcontent" adlcp:scormtype="asset" href="resources/images/car_1.jpg">
      <file href="resources/images/car_1.jpg"/>
    </resource>
    <resource identifier="resource_31" type="webcontent" adlcp:scormtype="asset" href="resources/images/prin6-logo.jpg">
      <file href="resources/images/prin6-logo.jpg"/>
    </resource>
    <resource identifier="resource_32" type="webcontent" adlcp:scormtype="asset" href="resources/images/instruct-begin.jpg">
      <file href="resources/images/instruct-begin.jpg"/>
    </resource>
    <resource identifier="resource_33" type="webcontent" adlcp:scormtype="asset" href="resources/images/prin9.jpg">
      <file href="resources/images/prin9.jpg"/>
    </resource>
    <resource identifier="resource_34" type="webcontent" adlcp:scormtype="asset" href="resources/images/prin10.jpg">
      <file href="resources/images/prin10.jpg"/>
    </resource>
    <resource identifier="resource_35" type="webcontent" adlcp:scormtype="asset" href="resources/images/prin1a.jpg">
      <file href="resources/images/prin1a.jpg"/>
    </resource>
    <resource identifier="resource_36" type="webcontent" adlcp:scormtype="asset" href="resources/images/review_1.jpg">
      <file href="resources/images/review_1.jpg"/>
    </resource>
    <resource identifier="resource_37" type="webcontent" adlcp:scormtype="asset" href="resources/images/attack-sophis.jpg">
      <file href="resources/images/attack-sophis.jpg"/>
    </resource>
    <resource identifier="resource_38" type="webcontent" adlcp:scormtype="asset" href="resources/images/unbounded_1.jpg">
      <file href="resources/images/unbounded_1.jpg"/>
    </resource>
    <resource identifier="resource_39" type="webcontent" adlcp:scormtype="asset" href="resources/images/review.jpg">
      <file href="resources/images/review.jpg"/>
    </resource>
    <resource identifier="resource_40" type="webcontent" adlcp:scormtype="asset" href="resources/images/anticipate_1.jpg">
      <file href="resources/images/anticipate_1.jpg"/>
    </resource>
    <resource identifier="resource_41" type="webcontent" adlcp:scormtype="asset" href="resources/images/prin5.jpg">
      <file href="resources/images/prin5.jpg"/>
    </resource>
    <resource identifier="resource_42" type="webcontent" adlcp:scormtype="asset" href="resources/images/prin5-logo.jpg">
      <file href="resources/images/prin5-logo.jpg"/>
    </resource>
    <resource identifier="resource_43" type="webcontent" adlcp:scormtype="asset" href="resources/images/tech-timeouts.jpg">
      <file href="resources/images/tech-timeouts.jpg"/>
    </resource>
    <resource identifier="resource_44" type="webcontent" adlcp:scormtype="asset" href="resources/images/prin1b.jpg">
      <file href="resources/images/prin1b.jpg"/>
    </resource>
    <resource identifier="resource_45" type="webcontent" adlcp:scormtype="asset" href="resources/images/image2_1.jpg">
      <file href="resources/images/image2_1.jpg"/>
    </resource>
    <resource identifier="resource_46" type="webcontent" adlcp:scormtype="asset" href="resources/images/prin2.jpg">
      <file href="resources/images/prin2.jpg"/>
    </resource>
    <resource identifier="resource_47" type="webcontent" adlcp:scormtype="asset" href="resources/images/military_1.jpg">
      <file href="resources/images/military_1.jpg"/>
    </resource>
    <resource identifier="resource_48" type="webcontent" adlcp:scormtype="asset" href="resources/images/prin1-logo.jpg">
      <file href="resources/images/prin1-logo.jpg"/>
    </resource>
    <resource identifier="resource_49" type="webcontent" adlcp:scormtype="asset" href="resources/images/postal_1.jpg">
      <file href="resources/images/postal_1.jpg"/>
    </resource>
    <resource identifier="resource_50" type="webcontent" adlcp:scormtype="asset" href="resources/images/instruct-begin.png">
      <file href="resources/images/instruct-begin.png"/>
    </resource>
    <resource identifier="resource_51" type="webcontent" adlcp:scormtype="asset" href="resources/images/secvssuv2_1.jpg">
      <file href="resources/images/secvssuv2_1.jpg"/>
    </resource>
    <resource identifier="resource_52" type="webcontent" adlcp:scormtype="asset" href="resources/images/prin4.jpg">
      <file href="resources/images/prin4.jpg"/>
    </resource>
    <resource identifier="resource_53" type="webcontent" adlcp:scormtype="asset" href="resources/images/secvssuv1_1.jpg">
      <file href="resources/images/secvssuv1_1.jpg"/>
    </resource>
    <resource identifier="resource_54" type="webcontent" adlcp:scormtype="asset" href="resources/images/prin9-logo.jpg">
      <file href="resources/images/prin9-logo.jpg"/>
    </resource>
    <resource identifier="resource_55" type="webcontent" adlcp:scormtype="asset" href="resources/images/prin8-logo.jpg">
      <file href="resources/images/prin8-logo.jpg"/>
    </resource>
    <resource identifier="resource_56" type="webcontent" adlcp:scormtype="asset" href="resources/images/prin6.jpg">
      <file href="resources/images/prin6.jpg"/>
    </resource>
    <resource identifier="resource_57" type="webcontent" adlcp:scormtype="asset" href="resources/images/webserver-ex.jpg">
      <file href="resources/images/webserver-ex.jpg"/>
    </resource>
    <resource identifier="resource_58" type="webcontent" adlcp:scormtype="asset" href="resources/images/survive-define_1.jpg">
      <file href="resources/images/survive-define_1.jpg"/>
    </resource>
    <resource identifier="resource_59" type="webcontent" adlcp:scormtype="asset" href="resources/images/prin3.jpg">
      <file href="resources/images/prin3.jpg"/>
    </resource>
    <resource identifier="resource_60" type="webcontent" adlcp:scormtype="asset" href="resources/images/syllabus-begin.jpg">
      <file href="resources/images/syllabus-begin.jpg"/>
    </resource>
    <resource identifier="resource_61" type="webcontent" adlcp:scormtype="asset" href="resources/images/prin4-logo.jpg">
      <file href="resources/images/prin4-logo.jpg"/>
    </resource>
    <resource identifier="resource_62" type="webcontent" adlcp:scormtype="asset" href="resources/images/instruct-end.png">
      <file href="resources/images/instruct-end.png"/>
    </resource>
    <resource identifier="resource_63" type="webcontent" adlcp:scormtype="asset" href="resources/images/car.jpg">
      <file href="resources/images/car.jpg"/>
    </resource>
    <resource identifier="resource_64" type="webcontent" adlcp:scormtype="asset" href="resources/images/instruct-end.jpg">
      <file href="resources/images/instruct-end.jpg"/>
    </resource>
    <resource identifier="resource_65" type="webcontent" adlcp:scormtype="asset" href="resources/images/prin10-logo.jpg">
      <file href="resources/images/prin10-logo.jpg"/>
    </resource>
    <resource identifier="resource_66" type="webcontent" adlcp:scormtype="asset" href="resources/images/prin2-logo.jpg">
      <file href="resources/images/prin2-logo.jpg"/>
    </resource>
    <resource identifier="resource_67" type="webcontent" adlcp:scormtype="asset" href="resources/images/syllabus-end.jpg">
      <file href="resources/images/syllabus-end.jpg"/>
    </resource>
    <resource identifier="resource_68" type="webcontent" adlcp:scormtype="asset" href="resources/images/prin8.jpg">
      <file href="resources/images/prin8.jpg"/>
    </resource>
    <resource identifier="resource_69" type="webcontent" adlcp:scormtype="asset" href="resources/images/hosts.png">
      <file href="resources/images/hosts.png"/>
    </resource>
    <resource identifier="resource_70" type="webcontent" adlcp:scormtype="asset" href="resources/images/prin7-logo.jpg">
      <file href="resources/images/prin7-logo.jpg"/>
    </resource>
    <resource identifier="resource_71" type="webcontent" adlcp:scormtype="asset" href="resources/images/key_1.jpg">
      <file href="resources/images/key_1.jpg"/>
    </resource>
  </resources> 
</manifest>
