<?xml version="1.0" encoding="UTF-8"?>

<manifest xmlns="http://www.imsproject.org/xsd/imscp_rootv1p1p2" xmlns:imsmd="http://www.imsglobal.org/xsd/imsmd_rootv1p2p1" xmlns:xsi="http://www.w3.org/2001/XMLSchema-instance" xmlns:adlcp="http://www.adlnet.org/xsd/adlcp_rootv1p2" xsi:schemaLocation="http://www.imsproject.org/xsd/imscp_rootv1p1p2 imscp_rootv1p1p2.xsd http://www.imsglobal.org/xsd/imsmd_rootv1p2p1 imsmd_rootv1p2p1.xsd http://www.adlnet.org/xsd/adlcp_rootv1p2 adlcp_rootv1p2.xsd" identifier="MANIFEST_AAE3A3C21774BA9DD17E5226C55F48D7">  
  <organizations default="ORG_8E69F9D68AA799EB6E68E6BCB20875A1"> 
    <organization structure="hierarchical" identifier="ORG_8E69F9D68AA799EB6E68E6BCB20875A1"> 
      <title></title>  
      <item isvisible="true" identifier="ITEM_8639B39CC7CA47F1ABD3D65EA8B358CE" identifierref="resource_1"> 
        <title></title> 
      </item>
      <item isvisible="true" identifier="ITEM_8C8D74128BD9CD42B45658AAC47B3158" identifierref="resource_2"> 
        <title>1. Principle 4: Information Assurance Policy Governs Action</title> 
      </item>
      <item isvisible="true" identifier="ITEM_455A860D5233BA82D4F182EA3CF6E2C3" identifierref="resource_3"> 
        <title>2. Reading Assignments</title> 
      </item>
      <item isvisible="true" identifier="ITEM_3E53B63252C4DE1A833499E7EBAB756F" identifierref="resource_4"> 
        <title>3. Information Assurance Policy Governs Actions</title> 
      </item>
      <item isvisible="true" identifier="ITEM_46498C8C257AB4E1633BDD9762AA2127" identifierref="resource_5"> 
        <title>4. Learning Outcomes</title> 
      </item>
      <item isvisible="true" identifier="ITEM_461D84993AE9498327776F683C346977" identifierref="resource_6"> 
        <title>5. Topics</title> 
      </item>
      <item isvisible="true" identifier="ITEM_31BD0BA818A21C26197BB3E288303504" identifierref="resource_7"> 
        <title>6. Topics</title> 
      </item>
      <item isvisible="true" identifier="ITEM_39229C9C041CC6873CDCA43C2E3F258C" identifierref="resource_8"> 
        <title>7. Policy Principles</title> 
      </item>
      <item isvisible="true" identifier="ITEM_3F67DD597E03CCB8269B060BCE51D215" identifierref="resource_9"> 
        <title>8. Importance of IA Policy</title> 
      </item>
      <item isvisible="true" identifier="ITEM_76EC2146927A7BC667BB79E5C4C12AE5" identifierref="resource_10"> 
        <title>9. Policies Defined</title> 
      </item>
      <item isvisible="true" identifier="ITEM_AA7CA736E6C259CA42D3D2DC567DD5B5" identifierref="resource_11"> 
        <title>10. Policy Elements</title> 
      </item>
      <item isvisible="true" identifier="ITEM_18DCFE787B815E8F4C77DE85E98D3029" identifierref="resource_12"> 
        <title>11. Topics</title> 
      </item>
      <item isvisible="true" identifier="ITEM_1F33791DF1232BC5A93C5EA464073496" identifierref="resource_13"> 
        <title>12. IA Policy Stakeholders and Contributors</title> 
      </item>
      <item isvisible="true" identifier="ITEM_A44C627595D0CAAD4115CD1939A6DC1E" identifierref="resource_14"> 
        <title>13. Topics</title> 
      </item>
      <item isvisible="true" identifier="ITEM_F21AB1446E54AD3EB9C8424FB6E8B3CB" identifierref="resource_15"> 
        <title>14. Characteristics of An Effective IA Policy</title> 
      </item>
      <item isvisible="true" identifier="ITEM_9E21F367AD2DDC51934B11C4C196B144" identifierref="resource_16"> 
        <title>15. Example IA Policy Topics</title> 
      </item>
      <item isvisible="true" identifier="ITEM_0E494A3EE92C54EA266054A5E30F4486" identifierref="resource_17"> 
        <title>16. Acceptable Use Policy Topics</title> 
      </item>
      <item isvisible="true" identifier="ITEM_712E9C5DA136CC480D1645141D5862A8" identifierref="resource_18"> 
        <title>17. Topics</title> 
      </item>
      <item isvisible="true" identifier="ITEM_9D24E87A0E3269AE89A21E423B5C7B71" identifierref="resource_19"> 
        <title>18. Policy Life Cycle Process</title> 
      </item>
      <item isvisible="true" identifier="ITEM_26C96E36DD626C4CE156AC0322F5E598" identifierref="resource_20"> 
        <title>19. Topics</title> 
      </item>
      <item isvisible="true" identifier="ITEM_E289E1A817A7D552CBD0557F34B792D6" identifierref="resource_21"> 
        <title>20. What Administrators Need to Know</title> 
      </item>
      <item isvisible="true" identifier="ITEM_E1B96EC9E352297C3DDAE1BD5BDD6798" identifierref="resource_22"> 
        <title>21. Policy Topics for Administrators</title> 
      </item>
      <item isvisible="true" identifier="ITEM_E36C507819324C759BC5ADD0EC0DA87C" identifierref="resource_23"> 
        <title>22. Topics</title> 
      </item>
      <item isvisible="true" identifier="ITEM_2E4ABA5179CA52D51BE942D1DE314A7C" identifierref="resource_24"> 
        <title>23. IA Policy Knowledge</title> 
      </item>
      <item isvisible="true" identifier="ITEM_37DE512499DBC79C5DA11FABCBAB2662" identifierref="resource_25"> 
        <title>24. Summary</title> 
      </item>
      <item isvisible="true" identifier="ITEM_38D48EA730CD85AD0AED6122707D5F18" identifierref="resource_26"> 
        <title>25. Exam</title> 
      </item>
    </organization> 
  </organizations>  
  <resources> 
    <resource identifier="resource_1" type="webcontent" adlcp:scormtype="asset" href="resources/index.html">
      <file href="resources/index.html"/>
    </resource>
    <resource identifier="resource_2" type="webcontent" adlcp:scormtype="asset" href="resources/se1.html">
      <file href="resources/se1.html"/>
    </resource>
    <resource identifier="resource_3" type="webcontent" adlcp:scormtype="asset" href="resources/se2.html">
      <file href="resources/se2.html"/>
    </resource>
    <resource identifier="resource_4" type="webcontent" adlcp:scormtype="asset" href="resources/se3.html">
      <file href="resources/se3.html"/>
    </resource>
    <resource identifier="resource_5" type="webcontent" adlcp:scormtype="asset" href="resources/se4.html">
      <file href="resources/se4.html"/>
    </resource>
    <resource identifier="resource_6" type="webcontent" adlcp:scormtype="asset" href="resources/se5.html">
      <file href="resources/se5.html"/>
    </resource>
    <resource identifier="resource_7" type="webcontent" adlcp:scormtype="asset" href="resources/se6.html">
      <file href="resources/se6.html"/>
    </resource>
    <resource identifier="resource_8" type="webcontent" adlcp:scormtype="asset" href="resources/se7.html">
      <file href="resources/se7.html"/>
    </resource>
    <resource identifier="resource_9" type="webcontent" adlcp:scormtype="asset" href="resources/se8.html">
      <file href="resources/se8.html"/>
    </resource>
    <resource identifier="resource_10" type="webcontent" adlcp:scormtype="asset" href="resources/se9.html">
      <file href="resources/se9.html"/>
    </resource>
    <resource identifier="resource_11" type="webcontent" adlcp:scormtype="asset" href="resources/se10.html">
      <file href="resources/se10.html"/>
    </resource>
    <resource identifier="resource_12" type="webcontent" adlcp:scormtype="asset" href="resources/se11.html">
      <file href="resources/se11.html"/>
    </resource>
    <resource identifier="resource_13" type="webcontent" adlcp:scormtype="asset" href="resources/se12.html">
      <file href="resources/se12.html"/>
    </resource>
    <resource identifier="resource_14" type="webcontent" adlcp:scormtype="asset" href="resources/se13.html">
      <file href="resources/se13.html"/>
    </resource>
    <resource identifier="resource_15" type="webcontent" adlcp:scormtype="asset" href="resources/se14.html">
      <file href="resources/se14.html"/>
    </resource>
    <resource identifier="resource_16" type="webcontent" adlcp:scormtype="asset" href="resources/se15.html">
      <file href="resources/se15.html"/>
    </resource>
    <resource identifier="resource_17" type="webcontent" adlcp:scormtype="asset" href="resources/se16.html">
      <file href="resources/se16.html"/>
    </resource>
    <resource identifier="resource_18" type="webcontent" adlcp:scormtype="asset" href="resources/se17.html">
      <file href="resources/se17.html"/>
    </resource>
    <resource identifier="resource_19" type="webcontent" adlcp:scormtype="asset" href="resources/se18.html">
      <file href="resources/se18.html"/>
    </resource>
    <resource identifier="resource_20" type="webcontent" adlcp:scormtype="asset" href="resources/se19.html">
      <file href="resources/se19.html"/>
    </resource>
    <resource identifier="resource_21" type="webcontent" adlcp:scormtype="asset" href="resources/se20.html">
      <file href="resources/se20.html"/>
    </resource>
    <resource identifier="resource_22" type="webcontent" adlcp:scormtype="asset" href="resources/se21.html">
      <file href="resources/se21.html"/>
    </resource>
    <resource identifier="resource_23" type="webcontent" adlcp:scormtype="asset" href="resources/se22.html">
      <file href="resources/se22.html"/>
    </resource>
    <resource identifier="resource_24" type="webcontent" adlcp:scormtype="asset" href="resources/se23.html">
      <file href="resources/se23.html"/>
    </resource>
    <resource identifier="resource_25" type="webcontent" adlcp:scormtype="asset" href="resources/se24.html">
      <file href="resources/se24.html"/>
    </resource>
    <resource identifier="resource_26" type="webcontent" adlcp:scormtype="asset" href="resources/se25.html">
      <file href="resources/se25.html"/>
    </resource>
    <resource identifier="resource_27" type="webcontent" adlcp:scormtype="asset" href="resources/style/style.css">
      <file href="resources/style/style.css"/>
    </resource>
    <resource identifier="resource_28" type="webcontent" adlcp:scormtype="asset" href="resources/images/authorization_1.jpg">
      <file href="resources/images/authorization_1.jpg"/>
    </resource>
    <resource identifier="resource_29" type="webcontent" adlcp:scormtype="asset" href="resources/images/prin3-logo.jpg">
      <file href="resources/images/prin3-logo.jpg"/>
    </resource>
    <resource identifier="resource_30" type="webcontent" adlcp:scormtype="asset" href="resources/images/accountability_1.jpg">
      <file href="resources/images/accountability_1.jpg"/>
    </resource>
    <resource identifier="resource_31" type="webcontent" adlcp:scormtype="asset" href="resources/images/threepeople_1.jpg">
      <file href="resources/images/threepeople_1.jpg"/>
    </resource>
    <resource identifier="resource_32" type="webcontent" adlcp:scormtype="asset" href="resources/images/riskreduction_1.jpg">
      <file href="resources/images/riskreduction_1.jpg"/>
    </resource>
    <resource identifier="resource_33" type="webcontent" adlcp:scormtype="asset" href="resources/images/prin6-logo.jpg">
      <file href="resources/images/prin6-logo.jpg"/>
    </resource>
    <resource identifier="resource_34" type="webcontent" adlcp:scormtype="asset" href="resources/images/manyhats_1.jpg">
      <file href="resources/images/manyhats_1.jpg"/>
    </resource>
    <resource identifier="resource_35" type="webcontent" adlcp:scormtype="asset" href="resources/images/alarm_1.jpg">
      <file href="resources/images/alarm_1.jpg"/>
    </resource>
    <resource identifier="resource_36" type="webcontent" adlcp:scormtype="asset" href="resources/images/instruct-begin.jpg">
      <file href="resources/images/instruct-begin.jpg"/>
    </resource>
    <resource identifier="resource_37" type="webcontent" adlcp:scormtype="asset" href="resources/images/redundancy_1.jpg">
      <file href="resources/images/redundancy_1.jpg"/>
    </resource>
    <resource identifier="resource_38" type="webcontent" adlcp:scormtype="asset" href="resources/images/symmetric.jpg">
      <file href="resources/images/symmetric.jpg"/>
    </resource>
    <resource identifier="resource_39" type="webcontent" adlcp:scormtype="asset" href="resources/images/review_1.jpg">
      <file href="resources/images/review_1.jpg"/>
    </resource>
    <resource identifier="resource_40" type="webcontent" adlcp:scormtype="asset" href="resources/images/violationreporting_1.jpg">
      <file href="resources/images/violationreporting_1.jpg"/>
    </resource>
    <resource identifier="resource_41" type="webcontent" adlcp:scormtype="asset" href="resources/images/communications_1.jpg">
      <file href="resources/images/communications_1.jpg"/>
    </resource>
    <resource identifier="resource_42" type="webcontent" adlcp:scormtype="asset" href="resources/images/auditing_1.jpg">
      <file href="resources/images/auditing_1.jpg"/>
    </resource>
    <resource identifier="resource_43" type="webcontent" adlcp:scormtype="asset" href="resources/images/acceptablecheck_1.jpg">
      <file href="resources/images/acceptablecheck_1.jpg"/>
    </resource>
    <resource identifier="resource_44" type="webcontent" adlcp:scormtype="asset" href="resources/images/access_1.jpg">
      <file href="resources/images/access_1.jpg"/>
    </resource>
    <resource identifier="resource_45" type="webcontent" adlcp:scormtype="asset" href="resources/images/policycontent_1.jpg">
      <file href="resources/images/policycontent_1.jpg"/>
    </resource>
    <resource identifier="resource_46" type="webcontent" adlcp:scormtype="asset" href="resources/images/acceptableuse_1.jpg">
      <file href="resources/images/acceptableuse_1.jpg"/>
    </resource>
    <resource identifier="resource_47" type="webcontent" adlcp:scormtype="asset" href="resources/images/availability_1.jpg">
      <file href="resources/images/availability_1.jpg"/>
    </resource>
    <resource identifier="resource_48" type="webcontent" adlcp:scormtype="asset" href="resources/images/networktraffic_1.jpg">
      <file href="resources/images/networktraffic_1.jpg"/>
    </resource>
    <resource identifier="resource_49" type="webcontent" adlcp:scormtype="asset" href="resources/images/purchasing_1.jpg">
      <file href="resources/images/purchasing_1.jpg"/>
    </resource>
    <resource identifier="resource_50" type="webcontent" adlcp:scormtype="asset" href="resources/images/prin8-logo.jpg">
      <file href="resources/images/prin8-logo.jpg"/>
    </resource>
    <resource identifier="resource_51" type="webcontent" adlcp:scormtype="asset" href="resources/images/identification_1.jpg">
      <file href="resources/images/identification_1.jpg"/>
    </resource>
    <resource identifier="resource_52" type="webcontent" adlcp:scormtype="asset" href="resources/images/policyround_1.jpg">
      <file href="resources/images/policyround_1.jpg"/>
    </resource>
    <resource identifier="resource_53" type="webcontent" adlcp:scormtype="asset" href="resources/images/authentication_1.jpg">
      <file href="resources/images/authentication_1.jpg"/>
    </resource>
    <resource identifier="resource_54" type="webcontent" adlcp:scormtype="asset" href="resources/images/privacy_1.jpg">
      <file href="resources/images/privacy_1.jpg"/>
    </resource>
    <resource identifier="resource_55" type="webcontent" adlcp:scormtype="asset" href="resources/images/syllabus-begin.jpg">
      <file href="resources/images/syllabus-begin.jpg"/>
    </resource>
    <resource identifier="resource_56" type="webcontent" adlcp:scormtype="asset" href="resources/images/instruct-end.jpg">
      <file href="resources/images/instruct-end.jpg"/>
    </resource>
    <resource identifier="resource_57" type="webcontent" adlcp:scormtype="asset" href="resources/images/prin10-logo.jpg">
      <file href="resources/images/prin10-logo.jpg"/>
    </resource>
    <resource identifier="resource_58" type="webcontent" adlcp:scormtype="asset" href="resources/images/syllabus-end.jpg">
      <file href="resources/images/syllabus-end.jpg"/>
    </resource>
    <resource identifier="resource_59" type="webcontent" adlcp:scormtype="asset" href="resources/images/takeaction_1.jpg">
      <file href="resources/images/takeaction_1.jpg"/>
    </resource>
    <resource identifier="resource_60" type="webcontent" adlcp:scormtype="asset" href="resources/images/prin7-logo.jpg">
      <file href="resources/images/prin7-logo.jpg"/>
    </resource>
    <resource identifier="resource_61" type="webcontent" adlcp:scormtype="asset" href="resources/images/resources_1.jpg">
      <file href="resources/images/resources_1.jpg"/>
    </resource>
    <resource identifier="resource_62" type="webcontent" adlcp:scormtype="asset" href="resources/images/brokencolumn_1.jpg">
      <file href="resources/images/brokencolumn_1.jpg"/>
    </resource>
  </resources> 
</manifest>
