<?xml version="1.0" encoding="UTF-8"?>
<office:document-meta xmlns:office="urn:oasis:names:tc:opendocument:xmlns:office:1.0" xmlns:xlink="http://www.w3.org/1999/xlink" xmlns:dc="http://purl.org/dc/elements/1.1/" xmlns:meta="urn:oasis:names:tc:opendocument:xmlns:meta:1.0" xmlns:ooo="http://openoffice.org/2004/office" xmlns:grddl="http://www.w3.org/2003/g/data-view#" office:version="1.2" grddl:transformation="http://docs.oasis-open.org/office/1.2/xslt/odf2rdf.xsl"><office:meta><meta:initial-creator>Duane Dunston</meta:initial-creator><meta:creation-date>2011-10-09T19:52:26</meta:creation-date><dc:date>2011-10-10T11:41:30</dc:date><dc:creator>Duane Dunston</dc:creator><meta:editing-duration>PT15H49M04S</meta:editing-duration><meta:editing-cycles>25</meta:editing-cycles><meta:generator>OpenOffice.org/3.2$Linux OpenOffice.org_project/320m19$Build-9505</meta:generator><meta:document-statistic meta:table-count="0" meta:image-count="195" meta:object-count="0" meta:page-count="94" meta:paragraph-count="587" meta:word-count="18147" meta:character-count="114174"/></office:meta></office:document-meta>