<?xml version="1.0" encoding="UTF-8"?>

<manifest xmlns="http://www.imsproject.org/xsd/imscp_rootv1p1p2" xmlns:imsmd="http://www.imsglobal.org/xsd/imsmd_rootv1p2p1" xmlns:xsi="http://www.w3.org/2001/XMLSchema-instance" xmlns:adlcp="http://www.adlnet.org/xsd/adlcp_rootv1p2" xsi:schemaLocation="http://www.imsproject.org/xsd/imscp_rootv1p1p2 imscp_rootv1p1p2.xsd http://www.imsglobal.org/xsd/imsmd_rootv1p2p1 imsmd_rootv1p2p1.xsd http://www.adlnet.org/xsd/adlcp_rootv1p2 adlcp_rootv1p2.xsd" identifier="MANIFEST_5A18A798422FD7BC88D425D318390B1C">  
  <organizations default="ORG_739941E04B4CFCBD729BDED5D1FE12F6"> 
    <organization structure="hierarchical" identifier="ORG_739941E04B4CFCBD729BDED5D1FE12F6"> 
      <title></title>  
      <item isvisible="true" identifier="ITEM_BE10221DAF2D79A2161236A6D9767DF8" identifierref="resource_1"> 
        <title></title> 
      </item>
      <item isvisible="true" identifier="ITEM_D2D87C071927E6C210B5645D45CF2EAF" identifierref="resource_2"> 
        <title>1.</title> 
      </item>
      <item isvisible="true" identifier="ITEM_3A36941EB3149BC95F5C17962A092388" identifierref="resource_3"> 
        <title>2. Reading Assignments</title> 
      </item>
      <item isvisible="true" identifier="ITEM_A206C79EB31244ACEA1EA4B24772A2D9" identifierref="resource_4"> 
        <title>3. Principle 6: Survivable Functional Units (SFUs) are a helpful way to think about an enterprise's networks.</title> 
      </item>
      <item isvisible="true" identifier="ITEM_DEE3A61CC581C4E40798F4CA6B629112" identifierref="resource_5"> 
        <title>4. Learning Outcomes</title> 
      </item>
      <item isvisible="true" identifier="ITEM_306D2E7A0D911BBBA487A3E6CDE3DA14" identifierref="resource_6"> 
        <title>5. Topics</title> 
      </item>
      <item isvisible="true" identifier="ITEM_F66961847F6C359055E4E40823464CEF" identifierref="resource_7"> 
        <title>6. Topics</title> 
      </item>
      <item isvisible="true" identifier="ITEM_C6FDADC8E45A2C3A163C94B98822A613" identifierref="resource_8"> 
        <title>7. Functional Units</title> 
      </item>
      <item isvisible="true" identifier="ITEM_CB49857E4984E88596434862A45B4A1D" identifierref="resource_9"> 
        <title>8. Functional Unit Examples</title> 
      </item>
      <item isvisible="true" identifier="ITEM_11EAC2C6B3D2463EB8DCEAB988E32A9C" identifierref="resource_10"> 
        <title>9. Functional Unit Blocks</title> 
      </item>
      <item isvisible="true" identifier="ITEM_5E4CB8739CB013F76C20CE47072201BD" identifierref="resource_11"> 
        <title>10. Identifying Functional Units</title> 
      </item>
      <item isvisible="true" identifier="ITEM_7A98AA9C598B768939C6163F36DD8F3A" identifierref="resource_12"> 
        <title>11. Topic Summary</title> 
      </item>
      <item isvisible="true" identifier="ITEM_E65905685C4C25D5E6A14ED653846673" identifierref="resource_13"> 
        <title>12. Topics</title> 
      </item>
      <item isvisible="true" identifier="ITEM_2133F9E4AB3C6A4915B71CA5AECFE61B" identifierref="resource_14"> 
        <title>13. Survivability</title> 
      </item>
      <item isvisible="true" identifier="ITEM_9B03DC2EB3E36C2A4222723933EC13A6" identifierref="resource_15"> 
        <title>14. Topics</title> 
      </item>
      <item isvisible="true" identifier="ITEM_71CB2F14E3CA8DB692706FD15B093FB3" identifierref="resource_16"> 
        <title>15. SFU Example-DNS</title> 
      </item>
      <item isvisible="true" identifier="ITEM_1F7B976B18741D3E9CBA97ECD5C2B1A4" identifierref="resource_17"> 
        <title>16. Topics</title> 
      </item>
      <item isvisible="true" identifier="ITEM_6C967761AD7D6D17D5B22459B59479B9" identifierref="resource_18"> 
        <title>17. How Much Survivability</title> 
      </item>
      <item isvisible="true" identifier="ITEM_194F859CA6B8BEA8978A61D98C686E32" identifierref="resource_19"> 
        <title>18. Topics</title> 
      </item>
      <item isvisible="true" identifier="ITEM_964E8950414EF833DCCFEE64037C22BB" identifierref="resource_20"> 
        <title>19. Inter-SFU Issues</title> 
      </item>
      <item isvisible="true" identifier="ITEM_E6EC8D5548464E8B9E3BCCE9ABB2BA57" identifierref="resource_21"> 
        <title>20. Topics</title> 
      </item>
      <item isvisible="true" identifier="ITEM_A5765537439AEBB92790CAE84126A5EE" identifierref="resource_22"> 
        <title>21. Summary</title> 
      </item>
      <item isvisible="true" identifier="ITEM_9A2EEEA67C1C8F78E7C5A9085F434A24" identifierref="resource_23"> 
        <title>22. Exam</title> 
      </item>
    </organization> 
  </organizations>  
  <resources> 
    <resource identifier="resource_1" type="webcontent" adlcp:scormtype="asset" href="resources/index.html">
      <file href="resources/index.html"/>
    </resource>
    <resource identifier="resource_2" type="webcontent" adlcp:scormtype="asset" href="resources/se1.html">
      <file href="resources/se1.html"/>
    </resource>
    <resource identifier="resource_3" type="webcontent" adlcp:scormtype="asset" href="resources/se2.html">
      <file href="resources/se2.html"/>
    </resource>
    <resource identifier="resource_4" type="webcontent" adlcp:scormtype="asset" href="resources/se3.html">
      <file href="resources/se3.html"/>
    </resource>
    <resource identifier="resource_5" type="webcontent" adlcp:scormtype="asset" href="resources/se4.html">
      <file href="resources/se4.html"/>
    </resource>
    <resource identifier="resource_6" type="webcontent" adlcp:scormtype="asset" href="resources/se5.html">
      <file href="resources/se5.html"/>
    </resource>
    <resource identifier="resource_7" type="webcontent" adlcp:scormtype="asset" href="resources/se6.html">
      <file href="resources/se6.html"/>
    </resource>
    <resource identifier="resource_8" type="webcontent" adlcp:scormtype="asset" href="resources/se7.html">
      <file href="resources/se7.html"/>
    </resource>
    <resource identifier="resource_9" type="webcontent" adlcp:scormtype="asset" href="resources/se8.html">
      <file href="resources/se8.html"/>
    </resource>
    <resource identifier="resource_10" type="webcontent" adlcp:scormtype="asset" href="resources/se9.html">
      <file href="resources/se9.html"/>
    </resource>
    <resource identifier="resource_11" type="webcontent" adlcp:scormtype="asset" href="resources/se10.html">
      <file href="resources/se10.html"/>
    </resource>
    <resource identifier="resource_12" type="webcontent" adlcp:scormtype="asset" href="resources/se11.html">
      <file href="resources/se11.html"/>
    </resource>
    <resource identifier="resource_13" type="webcontent" adlcp:scormtype="asset" href="resources/se12.html">
      <file href="resources/se12.html"/>
    </resource>
    <resource identifier="resource_14" type="webcontent" adlcp:scormtype="asset" href="resources/se13.html">
      <file href="resources/se13.html"/>
    </resource>
    <resource identifier="resource_15" type="webcontent" adlcp:scormtype="asset" href="resources/se14.html">
      <file href="resources/se14.html"/>
    </resource>
    <resource identifier="resource_16" type="webcontent" adlcp:scormtype="asset" href="resources/se15.html">
      <file href="resources/se15.html"/>
    </resource>
    <resource identifier="resource_17" type="webcontent" adlcp:scormtype="asset" href="resources/se16.html">
      <file href="resources/se16.html"/>
    </resource>
    <resource identifier="resource_18" type="webcontent" adlcp:scormtype="asset" href="resources/se17.html">
      <file href="resources/se17.html"/>
    </resource>
    <resource identifier="resource_19" type="webcontent" adlcp:scormtype="asset" href="resources/se18.html">
      <file href="resources/se18.html"/>
    </resource>
    <resource identifier="resource_20" type="webcontent" adlcp:scormtype="asset" href="resources/se19.html">
      <file href="resources/se19.html"/>
    </resource>
    <resource identifier="resource_21" type="webcontent" adlcp:scormtype="asset" href="resources/se20.html">
      <file href="resources/se20.html"/>
    </resource>
    <resource identifier="resource_22" type="webcontent" adlcp:scormtype="asset" href="resources/se21.html">
      <file href="resources/se21.html"/>
    </resource>
    <resource identifier="resource_23" type="webcontent" adlcp:scormtype="asset" href="resources/se22.html">
      <file href="resources/se22.html"/>
    </resource>
    <resource identifier="resource_24" type="webcontent" adlcp:scormtype="asset" href="resources/style/style.css">
      <file href="resources/style/style.css"/>
    </resource>
    <resource identifier="resource_25" type="webcontent" adlcp:scormtype="asset" href="resources/images/10000000000003B400000217B2EA12C3.png">
      <file href="resources/images/10000000000003B400000217B2EA12C3.png"/>
    </resource>
    <resource identifier="resource_26" type="webcontent" adlcp:scormtype="asset" href="resources/images/10000000000000AE000000760BC392B1.png">
      <file href="resources/images/10000000000000AE000000760BC392B1.png"/>
    </resource>
    <resource identifier="resource_27" type="webcontent" adlcp:scormtype="asset" href="resources/images/10000000000001DC00000215B15C788C.png">
      <file href="resources/images/10000000000001DC00000215B15C788C.png"/>
    </resource>
    <resource identifier="resource_28" type="webcontent" adlcp:scormtype="asset" href="resources/images/dns-sfu.jpg">
      <file href="resources/images/dns-sfu.jpg"/>
    </resource>
    <resource identifier="resource_29" type="webcontent" adlcp:scormtype="asset" href="resources/images/100000000000014400000107981DC9BE.png">
      <file href="resources/images/100000000000014400000107981DC9BE.png"/>
    </resource>
    <resource identifier="resource_30" type="webcontent" adlcp:scormtype="asset" href="resources/images/10000000000001C9000001FEBB83EC12.png">
      <file href="resources/images/10000000000001C9000001FEBB83EC12.png"/>
    </resource>
    <resource identifier="resource_31" type="webcontent" adlcp:scormtype="asset" href="resources/images/1000000000000135000001706D677320.png">
      <file href="resources/images/1000000000000135000001706D677320.png"/>
    </resource>
    <resource identifier="resource_32" type="webcontent" adlcp:scormtype="asset" href="resources/images/10000000000003B40000022605303B25.png">
      <file href="resources/images/10000000000003B40000022605303B25.png"/>
    </resource>
    <resource identifier="resource_33" type="webcontent" adlcp:scormtype="asset" href="resources/images/1000000000000089000000A7F3FA40C6.png">
      <file href="resources/images/1000000000000089000000A7F3FA40C6.png"/>
    </resource>
    <resource identifier="resource_34" type="webcontent" adlcp:scormtype="asset" href="resources/images/firewall-diagram.JPG">
      <file href="resources/images/firewall-diagram.JPG"/>
    </resource>
    <resource identifier="resource_35" type="webcontent" adlcp:scormtype="asset" href="resources/images/multi-dns1.jpg">
      <file href="resources/images/multi-dns1.jpg"/>
    </resource>
    <resource identifier="resource_36" type="webcontent" adlcp:scormtype="asset" href="resources/images/10000000000003EC000001B32CFA81FF.png">
      <file href="resources/images/10000000000003EC000001B32CFA81FF.png"/>
    </resource>
    <resource identifier="resource_37" type="webcontent" adlcp:scormtype="asset" href="resources/images/dns-distribute.jpg">
      <file href="resources/images/dns-distribute.jpg"/>
    </resource>
    <resource identifier="resource_38" type="webcontent" adlcp:scormtype="asset" href="resources/images/10000000000001440000010717A2C16B.png">
      <file href="resources/images/10000000000001440000010717A2C16B.png"/>
    </resource>
    <resource identifier="resource_39" type="webcontent" adlcp:scormtype="asset" href="resources/images/diagram1.jpg">
      <file href="resources/images/diagram1.jpg"/>
    </resource>
    <resource identifier="resource_40" type="webcontent" adlcp:scormtype="asset" href="resources/images/100000000000014600000107E675BA9B.png">
      <file href="resources/images/100000000000014600000107E675BA9B.png"/>
    </resource>
    <resource identifier="resource_41" type="webcontent" adlcp:scormtype="asset" href="resources/images/10000000000002C4000002AACC78D57C.png">
      <file href="resources/images/10000000000002C4000002AACC78D57C.png"/>
    </resource>
    <resource identifier="resource_42" type="webcontent" adlcp:scormtype="asset" href="resources/images/2000000600000D4F000004A4F0ACE0AD.wmf">
      <file href="resources/images/2000000600000D4F000004A4F0ACE0AD.wmf"/>
    </resource>
    <resource identifier="resource_43" type="webcontent" adlcp:scormtype="asset" href="resources/images/multi-dns.jpg">
      <file href="resources/images/multi-dns.jpg"/>
    </resource>
    <resource identifier="resource_44" type="webcontent" adlcp:scormtype="asset" href="resources/images/10000000000003170000021FD82F414D.png">
      <file href="resources/images/10000000000003170000021FD82F414D.png"/>
    </resource>
    <resource identifier="resource_45" type="webcontent" adlcp:scormtype="asset" href="resources/images/10000000000003680000021319231A75.png">
      <file href="resources/images/10000000000003680000021319231A75.png"/>
    </resource>
    <resource identifier="resource_46" type="webcontent" adlcp:scormtype="asset" href="resources/images/100002000000006800000048C8067D21.png">
      <file href="resources/images/100002000000006800000048C8067D21.png"/>
    </resource>
    <resource identifier="resource_47" type="webcontent" adlcp:scormtype="asset" href="resources/images/100000000000014600000107AB6A6A5E.png">
      <file href="resources/images/100000000000014600000107AB6A6A5E.png"/>
    </resource>
    <resource identifier="resource_48" type="webcontent" adlcp:scormtype="asset" href="resources/images/100000000000035F000001D086D933CD.png">
      <file href="resources/images/100000000000035F000001D086D933CD.png"/>
    </resource>
    <resource identifier="resource_49" type="webcontent" adlcp:scormtype="asset" href="resources/images/sfu-diagram.jpg">
      <file href="resources/images/sfu-diagram.jpg"/>
    </resource>
    <resource identifier="resource_50" type="webcontent" adlcp:scormtype="asset" href="resources/images/10000000000002F0000001686EE82BD9.png">
      <file href="resources/images/10000000000002F0000001686EE82BD9.png"/>
    </resource>
    <resource identifier="resource_51" type="webcontent" adlcp:scormtype="asset" href="resources/images/10000000000003B00000027210F0DDE8.png">
      <file href="resources/images/10000000000003B00000027210F0DDE8.png"/>
    </resource>
    <resource identifier="resource_52" type="webcontent" adlcp:scormtype="asset" href="resources/images/1000000000000333000002531CE51AD3.png">
      <file href="resources/images/1000000000000333000002531CE51AD3.png"/>
    </resource>
    <resource identifier="resource_53" type="webcontent" adlcp:scormtype="asset" href="resources/images/20000007000065FC00000628A8E51CA3.wmf">
      <file href="resources/images/20000007000065FC00000628A8E51CA3.wmf"/>
    </resource>
    <resource identifier="resource_54" type="webcontent" adlcp:scormtype="asset" href="resources/images/1000000000000361000001AE3FCAA817.png">
      <file href="resources/images/1000000000000361000001AE3FCAA817.png"/>
    </resource>
    <resource identifier="resource_55" type="webcontent" adlcp:scormtype="asset" href="resources/images/1000000000000091000000AC99340EC6.png">
      <file href="resources/images/1000000000000091000000AC99340EC6.png"/>
    </resource>
    <resource identifier="resource_56" type="webcontent" adlcp:scormtype="asset" href="resources/images/10000000000003890000021DDA836C5E.png">
      <file href="resources/images/10000000000003890000021DDA836C5E.png"/>
    </resource>
    <resource identifier="resource_57" type="webcontent" adlcp:scormtype="asset" href="resources/images/1000020000000144000000DFA212BBE0.png">
      <file href="resources/images/1000020000000144000000DFA212BBE0.png"/>
    </resource>
    <resource identifier="resource_58" type="webcontent" adlcp:scormtype="asset" href="resources/images/10000200000000770000003BBBA47B3C.png">
      <file href="resources/images/10000200000000770000003BBBA47B3C.png"/>
    </resource>
    <resource identifier="resource_59" type="webcontent" adlcp:scormtype="asset" href="resources/images/100002000000008900000093FB055A01.png">
      <file href="resources/images/100002000000008900000093FB055A01.png"/>
    </resource>
    <resource identifier="resource_60" type="webcontent" adlcp:scormtype="asset" href="resources/images/10000000000003DC00000217F4E8BF95.png">
      <file href="resources/images/10000000000003DC00000217F4E8BF95.png"/>
    </resource>
    <resource identifier="resource_61" type="webcontent" adlcp:scormtype="asset" href="resources/images/10000000000001B8000001359551F8DD.png">
      <file href="resources/images/10000000000001B8000001359551F8DD.png"/>
    </resource>
    <resource identifier="resource_62" type="webcontent" adlcp:scormtype="asset" href="resources/images/10000000000000D9000000A035FEA177.png">
      <file href="resources/images/10000000000000D9000000A035FEA177.png"/>
    </resource>
    <resource identifier="resource_63" type="webcontent" adlcp:scormtype="asset" href="resources/images/10000000000002AB000001D0BAD21C03.png">
      <file href="resources/images/10000000000002AB000001D0BAD21C03.png"/>
    </resource>
    <resource identifier="resource_64" type="webcontent" adlcp:scormtype="asset" href="resources/images/100000000000034100000180931610BD.png">
      <file href="resources/images/100000000000034100000180931610BD.png"/>
    </resource>
    <resource identifier="resource_65" type="webcontent" adlcp:scormtype="asset" href="resources/images/10000200000002BF000000CEFA3F00AC.png">
      <file href="resources/images/10000200000002BF000000CEFA3F00AC.png"/>
    </resource>
  </resources> 
</manifest>
